date,daily_return,portfolio_value,rolling_vol_30d,rolling_vol_90d
2021-09-14,-0.0009145997118974046,4995427.001440513,,
2021-09-15,0.004333388108478528,5017074.125405327,,
2021-09-16,0.019509135851661856,5114952.906095718,,
2021-09-17,-0.0020569254283555813,5104431.829398328,,
2021-09-20,-0.002044731217648855,5093994.638288397,,
2021-09-21,0.009708348136362179,5143448.911641664,,
2021-09-22,0.0012796870990462136,5150030.916858494,,
2021-09-23,0.01719551372596857,5238588.344178498,,
2021-09-24,0.004720133908243196,5263315.182653182,,
2021-09-27,0.004204867080968794,5285446.723401485,,
2021-09-28,-0.003956991458113332,5264532.255864671,,
2021-09-29,-0.005306729481895442,5236594.807334084,,
2021-09-30,-0.004572273043930973,5212651.666054522,,
2021-10-01,-0.0035609498785728493,5194089.674737242,,
2021-10-04,0.007400346552701586,5232527.738356106,,
2021-10-05,0.008874498209460737,5278963.796401101,,
2021-10-06,-0.007644742543865138,5238607.47727923,,
2021-10-07,0.004408669394838208,5261702.765735881,,
2021-10-08,0.014342529437627165,5337168.892545493,,
2021-10-11,0.0036401815890803966,5356597.15648595,,
2021-10-12,0.0026344669077907213,5370708.934433077,,
2021-10-13,0.013770786019870184,5444667.81794416,,
2021-10-14,0.014859719153068773,5525574.052600563,,
2021-10-18,0.012076086112926666,5592301.360683121,,
2021-10-19,-0.0009935053383189054,5586745.379427794,,
2021-10-20,-0.008180391951403992,5541043.6124913795,,
2021-10-21,-0.01621721788885306,5451183.300895969,,
2021-10-22,-0.008680641067997794,5403863.5352650285,,
2021-10-25,-0.011038801234720967,5344211.359799681,,
2021-10-26,0.010424381207509669,5399921.456267737,0.1427189334925805,
2021-10-27,-0.0011051328384527105,5393953.82574135,0.1427608510175122,
2021-10-28,-0.024832000172512057,5260011.163410019,0.16324110418368765,
2021-10-29,-0.0158113048227782,5176843.523534127,0.16171292614905483,
2021-11-01,0.011412878351607146,5235926.208913527,0.16458424323181825,
2021-11-02,-0.005609069165734037,5206557.536661052,0.16546032866223448,
2021-11-03,-0.008425889894983562,5162687.656125248,0.16530595124390016,
2021-11-04,0.008168509566032616,5204859.119630747,0.16690328766020163,
2021-11-08,0.007793562630687794,5245423.515163495,0.1607978243484864,
2021-11-09,-0.002583968689694995,5231869.505036123,0.16036438281152235,
2021-11-10,0.001744797411097908,5240998.0574037125,0.15994177270374124,
2021-11-11,-0.0022116001297516306,5229407.065419931,0.15966833080749357,
2021-11-12,0.013962833846662973,5302424.407390956,0.16399437053176927,
2021-11-15,0.003593154491326678,5321476.837465292,0.16352040335581713,
2021-11-16,-0.010323254273779234,5266541.878960111,0.16621840233831423,
2021-11-17,-0.0076508653966859946,5226248.2759381775,0.16652452343876054,
2021-11-18,0.00034998166383604134,5228077.367005412,0.16440204631172545,
2021-11-22,-0.02582293446028111,5093073.067803952,0.17925784219917995,
2021-11-23,0.0006226877610038134,5096244.4620691715,0.17862251993722952,
2021-11-24,-0.012347804420051286,5033317.032174773,0.17541885350911,
2021-11-25,0.026865024437306963,5168537.217244861,0.19374188011003843,
2021-11-26,-0.026403938171718568,5032067.480122501,0.20670034006563395,
2021-11-29,0.004704713484904765,5055741.915853184,0.2022794008534453,
2021-11-30,-0.00424739559056434,5034268.179932757,0.19559140655489493,
2021-12-01,0.011136414570604342,5090331.877444089,0.19497895422109482,
2021-12-02,0.013174850704956038,5157396.239968094,0.20052707736843275,
2021-12-03,-0.01635569782811719,5073043.425487308,0.20388129571089578,
2021-12-06,-0.016016082525072972,4991793.143331424,0.20376756636982127,
2021-12-07,0.011072812080090096,5047066.330750215,0.20687524945928637,
2021-12-08,0.018933580775371273,5142625.36880213,0.21385777511477708,
2021-12-09,0.009346399955747271,5190690.402321527,0.21337118952543446,
2021-12-10,-0.0005107375580550577,5188039.321780825,0.21338113797966118,
2021-12-13,-0.011475459361735421,5128504.1873766435,0.20382959011244936,
2021-12-14,-0.008913328227470294,5082792.146238599,0.20035534525674706,
2021-12-15,-0.007113296979219255,5046636.736218762,0.19793632340828693,
2021-12-16,0.00816142194596536,5087824.4680310525,0.19926071716064947,
2021-12-17,-0.01098828549121132,5031918.000247156,0.20026078096245598,
2021-12-20,-0.024800128966128654,4907125.784894043,0.21002051569611563,
2021-12-21,0.00963939548382993,4954427.511023535,0.21082564732203776,
2021-12-22,0.009463262180087566,5001312.557512591,0.21332050986733456,
2021-12-23,0.008028648217919702,5041466.336664724,0.2149005809076684,
2021-12-24,0.001263683044003719,5047837.152191283,0.21499503652270574,
2021-12-27,0.00197890102476549,5057826.322304604,0.21046254377340762,
2021-12-28,0.010356759988087464,5110209.015586143,0.21278158466620856,
2021-12-29,-0.0036587886042654793,5091511.841074502,0.21118622535419793,
2021-12-30,-0.003962894349737097,5071334.717567888,0.21045228705669605,
2021-12-31,0.005705474297990944,5100269.087455481,0.21130318888641292,
2022-01-03,0.014634812904551367,5174910.571313258,0.20189359452429853,
2022-01-04,0.009823063851728406,5225744.048282253,0.20365194079173882,
2022-01-05,0.0019453639126523455,5235910.022170539,0.19973797844178173,
2022-01-06,-0.016136102640644388,5151422.840635616,0.19076590836814042,
2022-01-07,0.0038888384813490513,5171455.892011981,0.173840080569676,
2022-01-10,0.010227206972018598,5224345.441766253,0.17559916481695556,
2022-01-11,0.0030853803303789043,5240464.534431384,0.17492415110561207,
2022-01-12,0.010106172866423506,5293425.574916709,0.17445058450342976,
2022-01-13,-0.00017586611988498844,5292494.640699948,0.17084991816053485,
2022-01-14,0.006525561650759945,5327031.140764153,0.1634572476866271,
2022-01-17,3.923654123364666e-05,5327240.15504116,0.154743303893193,
2022-01-18,-0.007468059219218806,5287456.0100883115,0.1548525657365335,
2022-01-19,-0.008694427224197892,5241484.6086074505,0.14855126932407253,
2022-01-20,-0.013853614809964127,5168871.099807447,0.15196499983161435,0.17221028544546826
2022-01-21,-0.0036368242918314903,5150072.823830321,0.15230885014866682,0.17233055657966706
2022-01-24,-0.029706623755224537,4997081.5481407875,0.17193740531842946,0.1793975577910046
2022-01-25,-0.0002597199143852644,4995783.706548928,0.17021307051685294,0.17634010896266633
2022-01-27,-0.012722260284637294,4932226.045908462,0.17285696867439765,0.1775568783106068
2022-01-28,0.0008522213130643814,4936429.394065637,0.1708854413135928,0.17754333348575624
2022-01-31,0.020047538987497063,5035392.654802195,0.17854532345468754,0.180017161760521
2022-02-01,0.01164471637747448,5094028.374116584,0.16514820358278515,0.18108618828139605
2022-02-02,0.012362267461515886,5157002.115333963,0.1665258860984933,0.1799594730381848
2022-02-03,-0.011537783656374154,5097501.740611776,0.1687870803049314,0.1807781847235241
2022-02-04,-0.0010549066232202315,5092124.352263728,0.16740269813874958,0.18062196440240974
2022-02-07,-0.018738812827542983,4996703.987132085,0.17629477911576374,0.1831339922552941
2022-02-08,0.005211793709551887,5022745.777540713,0.17690259573378872,0.18320034155353665
2022-02-09,0.012490651067421029,5085483.142448336,0.17811016420040252,0.18432073961948617
2022-02-10,0.010670463235860978,5139747.603356422,0.18044905975718326,0.18512419761088925
2022-02-11,-0.007835685332476637,5099474.15844817,0.1816038543347867,0.18514369057976282
2022-02-14,-0.02434963485393605,4975303.824742874,0.19420896129393647,0.18883354638813254
2022-02-15,0.02963450155783796,5122744.473687934,0.20885071242137473,0.19508870459844696
2022-02-16,-0.0018799886308745943,5113113.772318525,0.20668706737829767,0.19495422576718652
2022-02-17,0.001103736831870465,5118757.304314577,0.2066098261574135,0.19340211321847436
2022-02-18,-0.004310158084270232,5096694.6511379685,0.2017029955237916,0.1933905017312271
2022-02-21,-0.0012175026443984605,5090489.411922516,0.20132898149231285,0.19332231695149527
2022-02-22,-0.005556618930784857,5062203.502089268,0.19924282278275307,0.19197694228723913
2022-02-23,-0.001847486432335841,5052851.149801435,0.19888207312392403,0.19016080801668397
2022-02-24,-0.04559903972612592,4822445.9894914385,0.23395220156170057,0.20305116726422695
2022-02-25,0.01800661861358688,4909281.935208833,0.24166437295884186,0.20567415457043395
2022-02-28,0.009038210040718364,4953653.056488356,0.24257781842566595,0.2060732028459167
2022-03-02,-0.007228632006266037,4917844.921456286,0.24288171584217877,0.20475834110146127
2022-03-03,0.0022970107154723757,4929141.263937902,0.2428116784007537,0.2044252932163788
2022-03-04,-0.002926876594538134,4914714.27574131,0.24204998857905718,0.203739975059851
2022-03-07,-0.018668863106087053,4822962.147721964,0.24448399775645785,0.20499439698444352
2022-03-08,0.006555014198222247,4854576.733077769,0.24574131880727876,0.20540178156854205
2022-03-09,0.03241341894416282,5011930.162523605,0.25046032619924824,0.2089687155965994
2022-03-10,0.013238964233124064,5078282.92668417,0.25327550363102475,0.20857592363495076
2022-03-11,0.004464703892945792,5100955.956236417,0.2502590786670521,0.20781000976778938
2022-03-14,0.022398293394841007,5215208.664338362,0.257648914107846,0.21100771325229256
2022-03-15,-0.01793931866551024,5121651.374201667,0.2579992551033716,0.2126906771412966
2022-03-16,0.019784217183952443,5222979.23732936,0.2620479241732618,0.21483109188640448
2022-03-17,0.014060792413834577,5296418.464167216,0.2627351489328137,0.21571828860006612
2022-03-21,-0.0010636998407082257,5290784.664690558,0.26012478138034156,0.21567774814819665
2022-03-22,0.01755589456668109,5383669.122438879,0.2641769701902179,0.2176091557210934
2022-03-23,-0.002091781870202459,5372407.660973392,0.25713727562370015,0.21760518936069012
2022-03-24,0.0015778485673983364,5380884.506704739,0.25702569290485927,0.21640190790152894
2022-03-25,-0.002417406966349219,5367876.719013112,0.25558051077458077,0.2163731368471474
2022-03-28,0.005744903025328894,5398714.650215763,0.254513041792169,0.2158326808608377
2022-03-29,0.003682875349101066,5418597.443317873,0.2529219734839935,0.2154734327628595
2022-03-30,0.009583904455917058,5470528.763499707,0.24086272262678904,0.21600939263068342
2022-03-31,-0.004478726002249419,5446027.764080567,0.22839715787738984,0.2115240628166927
2022-04-01,0.010844963024166517,5505089.7338106055,0.2294249563668139,0.2121858779765136
2022-04-04,0.028374597785063457,5661294.440778163,0.24122490035660044,0.21587117319625362
2022-04-05,-0.012790403627213714,5588884.199828109,0.24482860573487444,0.2128020349766856
2022-04-06,-0.014827367295242536,5506015.7610266805,0.25008044236455,0.20944249819976063
2022-04-07,-0.01601454089453494,5417839.446455765,0.25488577421596503,0.2112905293410815
2022-04-08,0.012756813197427427,5486953.812207854,0.2562861513045206,0.2120419616979342
2022-04-11,-0.010341897610291874,5430208.297689599,0.21545404871969104,0.21219365456113679
2022-04-12,-0.011315608102643683,5368762.18867722,0.2157126213377285,0.2121091114760264
2022-04-13,-0.002745292879593946,5354023.364068411,0.21558571446260238,0.21025488845779503
2022-04-18,-0.030629368371490814,5190033.010180791,0.23475062948544573,0.21491213674241683
2022-04-19,-0.012436309826462426,5125488.151656616,0.23839107493679668,0.21524481332119513
2022-04-20,0.014352846007024389,5199053.49380817,0.2409056802108095,0.214253937336234
2022-04-21,0.01666594781723457,5285700.648034989,0.23630129884661397,0.21548409944992894
2022-04-22,-0.01076455953149745,5228802.408743542,0.23945307120818152,0.21627404155263943
2022-04-25,-0.012540870433385105,5163228.675213717,0.22585728997741927,0.2164438841121141
2022-04-26,0.01620038089559244,5246874.946403224,0.22739937365214014,0.21753735974842212
2022-04-27,-0.004595257014514773,5222764.207501482,0.22778080965196346,0.21733030428802919
2022-04-28,0.011248966212536973,5281514.905607713,0.2208166004724111,0.21770062037686863
2022-04-29,-0.003768237322348866,5261612.904021861,0.21424733381660024,0.21695496253377786
2022-05-02,0.0013162576873049867,5268538.542454402,0.20672142343132954,0.2126601701020317
2022-05-04,-0.022593057289325487,5149506.14933371,0.21283530291345543,0.21571812991530137
2022-05-05,0.0019805189939197197,5159704.844071772,0.21299159505164045,0.21520259862103772
2022-05-06,-0.012935177010733151,5092963.148590567,0.2085066802446839,0.21596650981224946
2022-05-09,-0.010255827310544677,5040730.598039654,0.20995535533914728,0.21666566748721705
2022-05-10,-0.005537255273391172,5012818.785953916,0.20990346598524398,0.21684378798541162
2022-05-11,-0.008192029412893303,4971753.627017876,0.21060369978425106,0.2165548448765803
2022-05-12,-0.017391747931927548,4885286.141157134,0.21342093334215737,0.2183850936060731
2022-05-13,0.004235096859808559,4905975.801152816,0.21358248835004282,0.2184335582641081
2022-05-16,-0.0021740291756341045,4895310.066626155,0.21014853316943988,0.21822061123687223
2022-05-17,0.02689220917599599,5026955.768919224,0.22793955530560336,0.22154430909902656
2022-05-18,0.0011036339981297797,5032503.688212899,0.22468444819892852,0.2209039995936959
2022-05-19,-0.01984038688521103,4932656.868037502,0.20931290971005845,0.2232660030896159
2022-05-20,0.03318482157725599,5096346.206105153,0.23439557207646433,0.2287132472154145
2022-05-23,-0.007051814005598193,5060407.720551564,0.23204781088029944,0.2289168716797138
2022-05-24,-0.002157940980013267,5049487.65935581,0.22859164402070636,0.22826616112554302
2022-05-25,-0.0020007736448032928,5039384.777527211,0.22413412947996658,0.22821275595467716
2022-05-26,0.007559116796055648,5077478.075640804,0.22485923822526616,0.2279224956627412
2022-05-27,0.011360754346622065,5135162.056758518,0.22641734277745573,0.2287649411152684
2022-05-30,0.023106146227887887,5253815.862145883,0.23720612598094404,0.23181394350314943
2022-05-31,-0.006462294046558357,5219864.159178223,0.2202893738985879,0.23206214587660676
2022-06-01,-0.0017210001581563598,5210880.772134723,0.2170785802060349,0.23174596379419585
2022-06-02,0.014546154217643813,5286679.047455949,0.2171853823684275,0.23255477306850378
2022-06-03,0.0070286898063194984,5323837.474586085,0.21275972900398932,0.23160445153457412
2022-06-06,0.0008109732132713615,5328154.964169784,0.2101454235165314,0.23150267668679908
2022-06-07,-0.006695379923315374,5292480.942394368,0.20760966137963138,0.22614618029081301
2022-06-08,-0.009332311925321603,5243089.859381124,0.20442961292683354,0.22676830957436428
2022-06-09,0.01501487421138629,5321814.194098728,0.20841467566659197,0.22689097537061761
2022-06-10,-0.021262677058397156,5208658.177524812,0.2153144387321803,0.22991447616747068
2022-06-13,-0.022690170749975255,5090472.83409852,0.22468621721265655,0.23085168113385568
2022-06-14,-0.004208762776636369,5069048.241518887,0.22476078163205931,0.23015440582294777
2022-06-15,-0.009046659439605182,5023190.288394935,0.21684056737496202,0.22969900012338118
2022-06-16,-0.01587296562671644,4943457.361610786,0.22102911593065014,0.23041891429237724
2022-06-17,0.005691825602071473,4971594.658784351,0.21911739834467134,0.2306275471909029
2022-06-20,0.006285498035938359,5002843.607247623,0.218098996362577,0.22871356463228926
2022-06-21,0.017719115113145854,5091489.569017509,0.22346645494220146,0.23045348177087974
2022-06-22,-0.01589292032660458,5010570.930953375,0.22718726452915675,0.23107992207750336
2022-06-23,-0.0015835482797366715,5002636.449975166,0.2209903736597596,0.23037741323593253
2022-06-24,0.0069478595999827265,5037394.065659349,0.2214870480352228,0.23031747515126913
2022-06-27,0.007484295519464355,5075095.411494738,0.22206185241657836,0.22693574696446403
2022-06-28,0.004361224754130062,5097229.0432329215,0.20869445948019183,0.2215695039559683
2022-06-29,0.0049751428394005405,5122588.485808146,0.2090856029651378,0.22169811467615533
2022-06-30,0.0022158255968190285,5133939.24849697,0.19984771655893924,0.22171993670160903
2022-07-01,-0.012222342503878913,5071190.484607734,0.17939820281066948,0.22256221667198128
2022-07-04,0.006906219940386919,5106213.241454031,0.1792613794083679,0.22284704162294697
2022-07-05,-0.0028221799091034463,5091802.589032401,0.17935283689364573,0.22269632899301878
2022-07-06,0.0049621546592042536,5117068.900973317,0.17969817472463567,0.22281381377292503
2022-07-07,0.004588549029738721,5140548.822513985,0.1788989732919957,0.20897699812032083
2022-07-08,0.0037349654591870766,5159748.59480734,0.17621115102104012,0.20700410883661097
2022-07-11,0.0011008129275553022,5165428.512763439,0.16237299852697143,0.20651750476861414
2022-07-12,-0.010011275960854583,5113715.982466097,0.16382196371565994,0.2068664195030473
2022-07-13,-0.010858954682585898,5058186.372352883,0.1664687708489281,0.20771563827585196
2022-07-14,-0.0031091483956226414,5042459.720308522,0.15993512927609876,0.20772405762098883
2022-07-15,0.004751154370423415,5066417.22484635,0.1590100764640702,0.20532920797312118
2022-07-18,0.01016303851184482,5117907.4182195375,0.16251479268514105,0.20571241193885959
2022-07-19,0.0007749490766820983,5121873.5358478315,0.16179641497001374,0.19857748497063085
2022-07-20,0.019039338517417608,5219390.619940242,0.1698572699506166,0.19987902457263826
2022-07-21,0.0003936802159791341,5221445.390766779,0.16373026478933891,0.19975967251637666
2022-07-22,0.005403803221361907,5249661.054189569,0.1523052634548337,0.1964421442858036
2022-07-25,-0.009771466430434484,5198364.167427397,0.1394120930181669,0.19478108079889656
2022-07-26,-0.007598785390549351,5158862.913737195,0.1407964178357456,0.19237577711906775
2022-07-27,0.005943339286453467,5189523.786365836,0.1385346366840913,0.19116383434923997
2022-07-28,0.014271878885118158,5263588.041316289,0.133868345545068,0.19267379870112644
2022-07-29,0.014870899263722176,5341862.328844436,0.13855316829978348,0.1920330126278935
2022-08-01,0.01336040102452073,5413231.751775579,0.14174269560762245,0.19329627344846884
2022-08-02,-0.0016460775404663582,5404321.152567643,0.13481922752671266,0.19330446884983565
2022-08-03,0.005659647501250529,5434907.705274727,0.12396312303130234,0.19347650146560436
2022-08-04,0.0011093468651993676,5440936.9031002205,0.12339080953168652,0.1932564660303059
2022-08-05,-0.0025280529004873247,5427181.92678097,0.1237005788524892,0.19321531591794688
2022-08-08,0.012777906129014555,5496529.94798646,0.1264683032033214,0.19373288124305696
2022-08-10,-0.0007119713670414366,5492616.576045408,0.12674130221330981,0.19358184118365454
2022-08-11,0.004589006443368942,5517822.228903836,0.12668133908724794,0.19288665914679656
2022-08-12,0.0026935548240212227,5532684.785586591,0.1266792256241072,0.1869217325507587
2022-08-16,0.006903207944178261,5570878.059151086,0.11923786427592833,0.18606472371065524
2022-08-17,0.005620786636176123,5602190.77609773,0.11894520497890645,0.18458107050374234
2022-08-18,-0.0006904613829584591,5598322.679706868,0.11817749901911567,0.18252524187379454
2022-08-19,-0.009117320019385873,5547280.980264194,0.12328073160730399,0.18201154144229145
2022-08-22,-0.006943063004384185,5508765.858915198,0.12625921400949133,0.18154311873600498
2022-08-23,4.5337862881072804e-05,5509015.614586353,0.12635758194597801,0.18049064735259152
2022-08-24,-0.0011744499174976453,5502545.5516523095,0.12670370302957468,0.18043349012134718
2022-08-25,-0.006281178594016977,5467983.0803206675,0.12402804418191672,0.1730381902669928
2022-08-26,-0.0008408999553074708,5463385.053592804,0.11807233743198824,0.17163957826889753
2022-08-29,-0.01603474032399648,5375781.092968441,0.1289443760729036,0.17235963807518737
2022-08-30,0.022782498499877214,5498254.817654662,0.142011629939294,0.17428420518413348
2022-09-01,-0.017939600621742435,5399618.322109365,0.1522822912118117,0.1760020824295235
2022-09-02,0.00010078319908325955,5400162.5129176965,0.15233548366196492,0.17463248185326677
2022-09-05,0.011072797624413063,5459957.419562177,0.1461290536550985,0.17353939813663666
2022-09-06,0.00042058318912603556,5462253.785866188,0.14612723411912573,0.1733251287993682
2022-09-07,-0.003343619703135344,5443990.08648424,0.14631907527928034,0.17249435827797302
2022-09-08,0.008213898408080733,5488706.467989222,0.14380677162211106,0.17284042817900164
2022-09-09,0.004023423902906909,5510789.86078857,0.14108835872527864,0.17293471809739613
2022-09-12,0.006500342746310201,5546611.883686586,0.1412245662886224,0.16870731031326697
2022-09-13,0.009473664553442486,5599158.624080772,0.13833295357447284,0.1693103822693885
2022-09-14,-0.010641140546110912,5539577.19022196,0.1376240885941881,0.16881992806939705
2022-09-15,-0.011828096610605607,5474054.536034106,0.1377234958277104,0.16913669131522252
2022-09-16,-0.023377230740174445,5346086.300060939,0.1539827909991569,0.17365495054764138
2022-09-19,0.006687553717782296,5381838.539372497,0.15435775700513238,0.1732640465798837
2022-09-20,0.0033900480764875425,5400083.230760864,0.15467750060660382,0.17050612123316897
2022-09-21,0.001099746981756542,5406021.955995128,0.15456140905003748,0.17042726972601907
2022-09-22,-0.008536059755467458,5359875.829539384,0.15146215509220481,0.17110825479733124
2022-09-23,-0.01333093089957663,5288423.695225483,0.15575695810715287,0.1671085682741201
2022-09-26,-0.016264137054408642,5202412.047444553,0.1606530787572263,0.1694760454089953
2022-09-27,0.0033237547284389844,5219703.589086535,0.16082031374812594,0.16603059350939917
2022-09-28,-0.01820629706425826,5124672.11495625,0.16529446393488487,0.15969407246914788
2022-09-29,0.0024451220269433235,5137202.563625392,0.1641532223420252,0.15927798912207336
2022-09-30,0.017161908383983217,5225366.763372294,0.17403435838555492,0.16172426755825553
2022-10-03,-0.00990285944431665,5173620.690769614,0.17431887169704277,0.16259900764035592
2022-10-04,0.024122404011518682,5298420.8592747105,0.1896498937605556,0.1669830613098108
2022-10-06,0.004085363011008505,5320066.831869948,0.19024611397906507,0.1660880664819207
2022-10-07,-0.0017873130774057697,5310558.2068486735,0.19025667888454487,0.16163584732203823
2022-10-10,-0.008005662688592683,5268043.669156505,0.19072874996131473,0.1618356842989175
2022-10-11,-0.01605876105943036,5183445.414622876,0.19553877068826891,0.16406885266981766
2022-10-12,0.0069643666341831605,5219544.828918586,0.19219864788704866,0.16264917458749034
2022-10-13,-0.004401672298971884,5196570.103031892,0.17875561138950738,0.1623569959234483
2022-10-14,0.01812791977367257,5290773.10895792,0.1810395334644266,0.16522789980737423
2022-10-17,0.00909471901513473,5338891.203756723,0.18321240060558197,0.16553515648546593
2022-10-18,0.011311025141955502,5399279.53639258,0.1833423359924244,0.165790549044854
2022-10-19,0.008720274547891415,5446362.736310734,0.18519753824212354,0.16454720523252597
2022-10-20,0.002948937064845152,5462423.717252433,0.18511752436535478,0.16049709214952315
2022-10-21,-0.00774920674461225,5420094.266540771,0.1848776432949898,0.1562547621935746
2022-10-24,0.009159091431108664,5469737.405493245,0.18652604241212917,0.15665529710902693
2022-10-25,-0.006308813061956405,5435229.854703998,0.18623240226088017,0.15622980211161866
2022-10-27,0.0038202686353548507,5455993.892843868,0.18428319422997702,0.15368933411710664
2022-10-28,0.008979927026751789,5504988.3198600095,0.18395003221225784,0.1540629196374876
2022-10-31,0.015448509369139794,5590032.183496372,0.1858720277566838,0.15567728137491454
2022-11-01,0.006292562296321467,5625207.809249465,0.17173812389057602,0.15341888702653958
2022-11-02,0.0018308992991155652,5635506.998284799,0.17110151909298274,0.15068480306654897
2022-11-03,-0.003816224649435542,5614000.637565878,0.17171726897676554,0.15085415143556727
2022-11-04,0.0001872167158524173,5615051.672328036,0.17174929532173483,0.150564741454551
2022-11-07,0.0028788250202904132,5631216.423572558,0.16922379133265028,0.15022175288801873
2022-11-09,0.0036350972695397008,5651686.443018075,0.1631622219941626,0.15018339965278163
2022-11-10,-0.004372295233494484,5626975.601322061,0.15485396100734017,0.15033115820654172
2022-11-11,0.033912473157263416,5817800.260358472,0.1794155690825616,0.16004665529574144
2022-11-14,-0.0030303507848296147,5800170.284773513,0.16837771094256776,0.1585569638219626
2022-11-15,-0.0004426910359111453,5797602.601381685,0.16884509726791408,0.15832977465504983
2022-11-16,0.0013016033559858768,5805148.780384316,0.16437608741368365,0.15816418476810093
2022-11-17,-0.004125680489523502,5781198.591322303,0.16108274498495068,0.1583329844955921
2022-11-18,-0.0013727276663044097,5773262.5800715955,0.14961347662817695,0.1583079114812559
2022-11-21,-0.014158232539758694,5691523.385949855,0.157500882221837,0.16035942665131966
2022-11-22,0.005330811959025431,5721863.826880748,0.15724683937197406,0.1605125786049288
2022-11-23,-0.0007510486560646174,5717566.428743386,0.15440034812248382,0.15942745671390973
2022-11-24,0.014536230597631719,5800678.292808877,0.14726214375494998,0.15961085423544805
2022-11-25,0.004029267198088688,5824050.775580757,0.1469592021325118,0.15946484679159076
2022-11-28,0.0060507785148180265,5859290.816882851,0.14506176848033084,0.1595511644055084
2022-11-29,0.0020391850334361013,5871238.995023187,0.13885461642161717,0.15890402778550172
2022-11-30,0.003808956436377042,5893602.288582788,0.1378496001578467,0.15894179877034903
2022-12-01,0.0038673969991230945,5916395.188387679,0.13578037135803236,0.15623553199675674
2022-12-02,-0.0061476159726733615,5880023.462826899,0.13725128484923782,0.156742346523543
2022-12-05,-0.0035517903438764386,5859138.852269863,0.13839312020933517,0.15680591987533182
2022-12-06,-0.002840884737521031,5842493.714129433,0.13598273943352915,0.1558501462628954
2022-12-07,-0.004446652730890304,5816514.17350029,0.1359450958250805,0.15542656249911752
2022-12-08,0.0026681919605256142,5832033.749856307,0.1335973839404144,0.1552508925967769
2022-12-09,-0.008417993991310272,5782939.724792899,0.13711741594213603,0.15454245276374443
2022-12-12,0.00039782504546551816,5785240.323051838,0.13555604450741748,0.152776426392458
2022-12-13,0.007092405430277388,5826271.592934511,0.1302463507895703,0.15168880876114835
2022-12-14,0.0022022669816317043,5839102.59848965,0.12945179253306985,0.15164529553494177
2022-12-15,-0.01855352838943553,5730766.642659745,0.14160428314077936,0.1548739730604686
2022-12-16,-0.004793047095605107,5703298.808247553,0.14189682767591041,0.1551376047165018
2022-12-19,0.005592729251568835,5735195.814322877,0.14263489644010624,0.15527341472334674
2022-12-20,0.0006110533804000425,5738700.325112475,0.14249140447083025,0.15391378215801962
2022-12-21,-0.009441114617704673,5684520.597586429,0.14514146509708586,0.154803038594494
2022-12-22,-0.0012907958036952048,5677183.042253045,0.1445654345850585,0.15466820317178334
2022-12-23,-0.01854286372679011,5571911.810748504,0.11576970036912869,0.15781244591107102
2022-12-26,0.013359447710291576,5646349.475230554,0.12328128429963853,0.15896294086364204
2022-12-27,0.004035565419488153,5669135.68791914,0.12409553994052411,0.15883192877125632
2022-12-28,-0.00032331814388742266,5667302.753491076,0.1239551390821078,0.15882741051482485
2022-12-29,0.0034586805381403756,5686904.143228325,0.12412052561260745,0.1581343289289275
2022-12-30,-0.00512004012742855,5657786.965814156,0.1248178748178436,0.15792636421175907
2023-01-02,0.006730355955343608,5695865.886013589,0.11974294842878845,0.15828614927534299
2023-01-03,-0.001583216080333987,5686848.099551427,0.11876758788358244,0.15829928353198325
2023-01-04,-0.016121131247624453,5595169.674953254,0.1274494843299183,0.16032128363845272
2023-01-05,-0.00201266671918731,5583908.46316027,0.1190156045656737,0.1603570018359678
2023-01-06,-0.0013449128927699957,5576398.592676118,0.11796203504763444,0.15798839820646043
2023-01-09,0.015231992922506092,5661338.256572833,0.1257587663584021,0.15545202098494312
2023-01-10,-0.01449313736354925,5579287.703558806,0.13116788082413433,0.15440595074829014
2023-01-11,-0.0005029770124740083,5576481.450097938,0.1301957678313228,0.15441268452169893
2023-01-12,-0.004910413233964792,5549098.621786418,0.12935285270351998,0.1535998098470364
2023-01-13,0.002676860221322889,5563952.7831512755,0.12948288958261897,0.15365428661589126
2023-01-16,-0.0017002083353371356,5554492.90425194,0.12937733836796306,0.15357000495685663
2023-01-17,0.01189058441399564,5620539.071006887,0.13520772622420607,0.15423036481559738
2023-01-18,0.006590700730238155,5657582.361966505,0.13671948046271662,0.15446501755942404
2023-01-19,-0.0013901290822558336,5649717.592189876,0.13630776616498178,0.1541377791943318
2023-01-20,-0.001586835022968601,5640752.422444708,0.13451310697499683,0.1533732239391173
2023-01-23,0.0054186669598236484,5671317.781224755,0.13568192691135886,0.15253223269732008
2023-01-24,0.003102937613821842,5688915.526488055,0.13419403417035192,0.15120932754567387
2023-01-25,-0.013401286964118922,5612676.737002957,0.13874369515438476,0.14763320735883215
2023-01-27,-0.01181838764744714,5546343.9475852465,0.13269890342624427,0.14871041923476055
2023-01-30,0.005107813063650023,5574673.635656218,0.13337681262082576,0.1488366617542858
2023-01-31,0.0003165239057775272,5576438.153128811,0.13207505818438917,0.14883196040191463
2023-02-01,0.009324328770181608,5628434.6958351685,0.13531682249662844,0.1488002373618509
2023-02-02,0.0069112468615623686,5667334.197462268,0.13434072535335,0.14728686784378267
2023-02-03,0.013274031169714175,5742562.568248569,0.13971179260455607,0.14587710135553072
2023-02-06,-0.006572584526989016,5704819.090367232,0.129530724889396,0.14639659020002288
2023-02-07,-0.005933705817408764,5670968.372143456,0.1252989677675775,0.14323686358278634
2023-02-08,0.011457847443028172,5735945.462605714,0.12907577994479033,0.14425502945121577
2023-02-09,0.003158648045669162,5754063.2955312375,0.12929524917727964,0.14176763773194292
2023-02-10,-0.004001098180742305,5731040.723347612,0.12963848895575872,0.14081015664586308
2023-02-13,-0.006095582432973606,5696106.692191717,0.1300225174030295,0.135859041108854
2023-02-14,0.019448603762498726,5806888.014237071,0.14034000237822578,0.13928696261775597
2023-02-15,0.008057986233000363,5853679.837912369,0.14176270130252272,0.13970050173321963
2023-02-16,-0.00044557659793457625,5851071.575164793,0.1322711652323317,0.1388724047476419
2023-02-17,-0.0022715579479421653,5837780.527024249,0.13233345289004406,0.1359041186355205
2023-02-20,-0.004501642493495872,5811500.926136094,0.1332397850338565,0.13591912527034009
2023-02-21,0.001014208030465806,5817394.99704444,0.12663282284852048,0.1355854009427141
2023-02-22,-0.014622171587318355,5732332.049206449,0.12676993077420992,0.13514412556447145
2023-02-23,-0.00340195439632202,5712830.916990474,0.1273325124509594,0.13462234267676068
2023-02-24,-0.0014634469610838212,5704470.491945818,0.12636888178109407,0.1334872612709017
2023-02-27,-0.008753500445932677,5654536.40695076,0.12932066198041703,0.13369670276984189
2023-02-28,-0.010620406260679074,5594482.933093143,0.13320750386048885,0.13490174561125623
2023-03-01,0.004853331365304464,5621634.812584983,0.12938078773922035,0.13441972852408673
2023-03-02,-0.009889618042970366,5566038.991511453,0.13093584738997954,0.13470051868654453
2023-03-03,0.019127870796401047,5672505.4661888145,0.14271275703550965,0.13789159361670783
2023-03-06,0.010853928261558853,5734074.433582128,0.14589890247964077,0.1388682237289634
2023-03-08,0.0013526279615076286,5741830.502994358,0.1452032872546291,0.13814811029097884
2023-03-09,-0.011622504440098465,5675096.052479013,0.14908754746768987,0.13728098235698757
2023-03-10,-0.01339379634359855,5599084.97172175,0.14908171482044769,0.13875346615640274
2023-03-13,-0.0163678382518795,5507440.054546079,0.1527436611624113,0.14138504135892435
2023-03-14,-0.006097865184671219,5473856.427580799,0.1528190785904431,0.14160091999247315
2023-03-15,-0.009705974758743317,5420727.315261714,0.15506184689249985,0.1424810371669583
2023-03-16,-0.0013117726094680456,5413616.553646159,0.15200311629506202,0.14238453954409364
2023-03-17,0.00344868733652132,5432286.424499501,0.150713019438779,0.14236992957938144
2023-03-20,-0.00634871619863805,5397798.379680638,0.14476068565296754,0.14256434170415924
2023-03-21,0.010184567165066659,5452772.619821984,0.14828694128607195,0.1314819874669328
2023-03-22,0.00043565169974449505,5455148.1294821305,0.1477664060567983,0.13143489412185577
2023-03-23,-0.007401944578864489,5414769.425358208,0.14372626039222586,0.13191920409096644
2023-03-24,-0.006618124540821003,5378933.806941357,0.1435413810245544,0.13224003073430785
2023-03-27,0.008225261834274604,5423176.945892681,0.1465544318783192,0.13297679666163412
2023-03-28,0.0017380538803640163,5432602.719627391,0.14631660356888065,0.13303247353329586
2023-03-29,0.0018120483536299618,5442446.858441416,0.13262411846828445,0.13110790434312158
2023-03-31,0.02523755958770356,5579800.935334242,0.15201474228898104,0.13766640911471478
2023-04-03,-0.004535109818086845,5554495.925329437,0.15221807209576016,0.13785150926926948
2023-04-05,0.012275806537289491,5622681.8427209435,0.1574817332327065,0.1372138284608795
2023-04-06,0.004454234362789863,5647726.585395826,0.15799004002339256,0.1372537119659826
2023-04-10,-0.002163579247996684,5635507.281357303,0.15792308865558777,0.1368644531326214
2023-04-11,0.0022582758224847605,5648233.81119823,0.15277450878034815,0.13687598069815946
2023-04-12,0.007617479985345498,5691259.119207583,0.15425408157050965,0.1373545857653842
2023-04-13,-0.0028608143202150382,5674977.4836193,0.15441601597237742,0.1372308415069058
2023-04-17,-0.022171267074625543,5549156.04218749,0.1654333432724696,0.14167010627075227
2023-04-18,-0.0053571201334335124,5519428.546630323,0.1633461483877739,0.1418086112157861
2023-04-19,-0.002164702447415065,5507480.6261471,0.16265013242279885,0.14178319197838468
2023-04-20,-0.0007080293003216731,5503581.168492834,0.16026888735858352,0.14163516166972595
2023-04-21,0.0049779253453015055,5530977.584681398,0.15027882851321867,0.14183749884950259
2023-04-24,0.0035113453955758996,5550398.757356402,0.14679794325475368,0.14136749992866054
2023-04-25,-0.0006741270354133099,5546657.083496745,0.14662792081453016,0.1413613911790019
2023-04-26,0.00021953309748670193,5547874.758306981,0.1432283190925725,0.14079269277807482
2023-04-27,0.00858982751276045,5595530.045543236,0.14046449643221495,0.14154417132292194
2023-04-28,0.012029914862029908,5662843.795599052,0.1357130019494834,0.1396981597636101
2023-05-02,0.0066828591518464965,5700687.783083947,0.13498785262107774,0.139924840656721
2023-05-03,-0.002129649184051825,5688547.317998168,0.13131246094381124,0.13965249465648694
2023-05-04,0.009252361281351634,5741179.812950351,0.13280866526111706,0.1405146685865051
2023-05-05,-0.01852098278875693,5634847.520447539,0.14538600753971717,0.14304859956324828
2023-05-08,0.009460903392191891,5688158.268468225,0.1454152804949914,0.14391483756288154
2023-05-09,-0.001113068397589101,5681826.959259109,0.1434198204142644,0.14044834737731704
2023-05-10,0.0027917625239252952,5697689.270831397,0.14344300485271416,0.13875970031243773
2023-05-11,-0.0051583538063604256,5668298.573693744,0.14237781378486955,0.13888133987668322
2023-05-12,0.0010766646452505394,5674401.430366763,0.140265562892225,0.1388908357776861
2023-05-15,0.0073701775643324734,5716222.776479869,0.1399478833401905,0.1393160761482038
2023-05-16,-0.006619662960654202,5678383.308291557,0.14205699963523633,0.13949750912690934
2023-05-17,-0.0050667872217126046,5649612.148305119,0.14332523343292447,0.13930131121621248
2023-05-18,-0.002862323821806561,5633441.128869058,0.1244090785843347,0.13935753976357151
2023-05-19,0.005598659013319276,5664980.8448212035,0.12441905510210302,0.1369918741773948
2023-05-22,0.006961411648922207,5704417.108465264,0.12102459809687463,0.13740856644713645
2023-05-23,0.002315458048186437,5717625.446969273,0.12057672984906179,0.1374229451699796
2023-05-24,-0.00408404987287085,5694274.379489454,0.12106430013910724,0.13527035861055023
2023-05-25,0.0028763092002084185,5710652.873275691,0.12116109513775002,0.13306908864510722
2023-05-26,0.013002051897467955,5784903.078302447,0.12489781465360097,0.13474851483874645
2023-05-29,0.006840704307165998,5824475.889706728,0.12574141451545556,0.13486118168771252
2023-05-30,0.00590828707934392,5858888.565349832,0.10571802105139776,0.1351120198210818
2023-05-31,-0.01343487195152724,5780175.147696091,0.11284445932398644,0.13709243046633932
2023-06-01,-0.0040770091863868655,5756609.320520009,0.11352762884446436,0.13592794004221537
2023-06-02,0.0003135638544343655,5758414.385127023,0.11339345813002702,0.13551084794341503
2023-06-05,0.0023914206402980815,5772185.1761430055,0.11295791443464405,0.13553038849057153
2023-06-06,-0.004226707281284643,5747787.839030079,0.11395189118011902,0.13570490971236898
2023-06-07,0.006097704809853495,5782836.152582149,0.114676909428577,0.13578294470432312
2023-06-08,-0.0011197888389544732,5776360.597200986,0.11486390044879909,0.1357157865541032
2023-06-09,-0.006615402110396398,5738147.649115852,0.11501440670986975,0.13425656116619117
2023-06-12,0.0026379666603146834,5753284.691306183,0.11021261762250302,0.13273833160718485
2023-06-13,0.010745526390610615,5815106.763789309,0.11277573933985463,0.13363169863818786
2023-06-14,0.002483270901481361,5829547.249204834,0.11256685204443748,0.1336722572292515
2023-06-15,-0.004403100812733841,5803879.164973989,0.11064092637260146,0.1330869495015215
2023-06-16,0.009573309657372669,5859441.497434259,0.09818400552596884,0.13353089580363542
2023-06-19,-0.002310613548103764,5845902.5925259655,0.09559832104245598,0.13181370544324936
2023-06-20,0.0026232598745766418,5861237.914227622,0.09551782135388488,0.13136691537507933
2023-06-21,0.0029725838787467616,5878660.935560953,0.09554783580124866,0.1310085134906109
2023-06-22,-0.005068636388213487,5848864.140829,0.09549743563818743,0.12998546427605914
2023-06-23,-0.006660517052247789,5809907.681482728,0.09808579017456269,0.1304010611932422
2023-06-26,-0.0024781582944664927,5795509.810571776,0.09649832888716307,0.1302889526899353
2023-06-27,0.005463307046033358,5827172.460155228,0.09512113664957665,0.13015375287698988
2023-06-28,0.011369004358305726,5893421.609251332,0.09807415764795814,0.12745985846678742
2023-06-30,0.01515000637490187,5982706.984201473,0.1048851577394876,0.12923848598077062
2023-07-03,0.015329125513767205,6074416.65047439,0.11135540794170741,0.1316623261943276
2023-07-04,0.0012011124306592696,6081712.707822279,0.11053212560598277,0.13158726248636424
2023-07-05,-0.005985652844661511,6045309.686852288,0.11302135571085042,0.13176992737517523
2023-07-06,0.005963331958791877,6081359.87530869,0.11215935251503224,0.13208739943514536
2023-07-07,-0.007392334740303425,6036404.427434158,0.11553399003788632,0.13028117569197478
2023-07-10,0.010473542167202763,6099626.96374318,0.11363496493727632,0.1311381040600688
2023-07-11,0.008065531274820788,6148823.69578399,0.11416205119070894,0.13164863118439082
2023-07-12,-0.005196279546243692,6116872.68898013,0.1152488402813242,0.1310457137756903
2023-07-13,0.0038849056303554815,6140636.162129716,0.10638511244181684,0.1296734198126784
2023-07-14,0.010777600413498324,6206817.484969827,0.10766666110035217,0.1305390518112052
2023-07-17,0.01176761697119719,6279856.935743081,0.1106882325178676,0.13039070133375133
2023-07-18,0.010864563707708665,6348084.841496758,0.11303780720038364,0.12791476276778488
2023-07-19,0.00595356199318044,6385878.558138579,0.111059480101285,0.12713705638519762
2023-07-20,0.0010428372478552515,6392537.990159286,0.11101373376379602,0.12713725801101455
2023-07-21,-0.031111444217209877,6193656.9010720495,0.14906466826797007,0.13654782018276623
2023-07-24,-0.011771123016288406,6120750.603768848,0.15247536402977385,0.13608943492085163
2023-07-25,-0.0007369095318392845,6116240.16430692,0.15270446168439938,0.1329087564326625
2023-07-26,0.010278559658635165,6179106.303722289,0.1524801950986962,0.1331872088984168
2023-07-27,-0.007783061752618176,6131013.937784427,0.15511913320420648,0.13277214177643515
2023-07-28,-0.002715405603231492,6114365.748184276,0.154615731967335,0.13287416123200388
2023-07-31,0.005600977778593613,6148612.1748700505,0.15329996823118258,0.13301739707208896
2023-08-01,-0.0013351961848309401,6140402.57135216,0.153106797435033,0.13245251968224542
2023-08-02,-0.010230138839207203,6077585.400518602,0.15690710063507965,0.13305214933985968
2023-08-03,-0.003642031416140462,6055450.643555636,0.15744866294546545,0.13329676043397845
2023-08-04,0.010361741119663318,6118195.655487058,0.1585970616449215,0.13336677498445926
2023-08-07,0.004046539115323279,6142953.173522186,0.15680603696863848,0.13274539029428906
2023-08-08,-0.003560782227613973,6121079.455036843,0.1571002558298539,0.13252240634881174
2023-08-09,0.005262994723859642,6153294.663913027,0.15706152290136755,0.1326805017951307
2023-08-10,-0.00453227241479928,6125406.256247643,0.15545304747781294,0.13305157021062833
2023-08-11,-0.005573072975976519,6091268.9201740725,0.1509876346284576,0.1272507315172769
2023-08-14,0.006139557684617622,6128666.617082001,0.14546901290075237,0.1271880247688165
2023-08-16,0.0033793909483535952,6149377.777573244,0.14571819324041707,0.12584376109785045
2023-08-17,-0.010779777237666276,6083088.854980748,0.1481881378358626,0.1272429383551211
2023-08-18,-0.002219780581937081,6069585.732462264,0.1473421199515929,0.12724675106890915
2023-08-21,0.0013951304525464032,6078053.596351963,0.14571494972805596,0.12722802774072212
2023-08-22,0.0008971983756915966,6083506.816165975,0.14249577206238837,0.12671136506467454
2023-08-23,0.00030777030842768515,6085379.13893511,0.14041563147951877,0.1265649567549728
2023-08-24,-0.003959484933815954,6061284.171917939,0.1400868199520883,0.12073731855525285
2023-08-25,-0.008083960686071524,6012284.988965047,0.14129455070406155,0.1212297020276928
2023-08-28,-0.0016765601362966434,6002205.031624492,0.1370776800024391,0.12119659922498693
2023-08-29,-0.0009678477437665286,5996395.81102701,0.13156367948599115,0.12120765614570372
2023-08-30,0.0014766470941552118,6005250.371476767,0.12661424468893936,0.12102230015133614
2023-08-31,-0.0039045196612430885,5981802.753330648,0.12456340259104529,0.12121278640203677
2023-09-01,0.0031877328209692917,6000871.142296005,0.12519414205699095,0.12124655535553369
2023-09-04,0.003492827139258397,6021831.14788101,0.09093795960542551,0.12131793963180841
2023-09-05,0.004295097173695101,6047695.497824742,0.08607274909105471,0.12076276009309107
2023-09-06,0.00583596699331203,6082989.649135649,0.08792798506722017,0.11958433345900076
2023-09-07,0.000844527930804246,6088126.903797138,0.08225776244581158,0.11917272492902209
2023-09-08,0.003617444543335427,6110150.365244412,0.08007113203118153,0.11916632601697627
2023-09-11,0.007712572635413565,6157275.343749657,0.08277118878330011,0.11888543925510596
2023-09-12,0.0015911900982272438,6167072.739308691,0.08132019575964994,0.11430299039496941
2023-09-13,0.0032780485429559185,6187288.703116085,0.08170473530960928,0.11347680992580272
2023-09-14,8.935467427164355e-05,6187841.566282777,0.07541675100440468,0.11343243065085158
2023-09-15,0.003944846172565715,6212251.649401971,0.07490323632258185,0.1135011487873393
2023-09-18,-0.009931036856451329,6150557.549310209,0.07562886198842039,0.11450925784563529
2023-09-20,-0.018384325105469005,6037483.699743793,0.0918776400391006,0.11898334283609785
2023-09-21,-0.004494916721726341,6010345.713304665,0.09218206758407274,0.11876112241646193
2023-09-22,-0.008183229473985271,5961161.675114709,0.0929948192715149,0.11905816165616917
2023-09-25,-0.005242742483171679,5929908.83955153,0.09324910169777698,0.11908210283308984
2023-09-26,-0.0006264089618794749,5926194.291511307,0.09226745794865221,0.11895854448201584
2023-09-27,0.005159799172825549,5956772.26391465,0.09165968771997708,0.11890849107395536
2023-09-28,-0.012716282508382446,5881024.264968615,0.09680785956313953,0.12046989708977994
2023-09-29,0.0027506677794637206,5897201.0089245085,0.09338066606246376,0.12049202253903915
2023-10-03,-0.00905316908006204,5843812.651091603,0.09620297946278902,0.1212965984237692
2023-10-04,0.0037268002504825346,5865591.373543463,0.09699311191399844,0.12135574242626872
2023-10-05,0.00413054350925313,5889819.453919384,0.09803819201801155,0.11962768717092408
2023-10-06,0.004974614585132479,5919119.035678647,0.09952548693406717,0.11937610000327305
2023-10-09,-0.007162284823038342,5876724.619243649,0.1008046264383411,0.11961196867422631
2023-10-10,0.0075797443330140124,5921268.689373045,0.10147408921882546,0.11805661346023405
2023-10-11,0.009162454638476883,5975522.045141659,0.1051668075722856,0.11874483640858023
2023-10-12,-0.0009820449024721986,5969653.814177617,0.10516780176347225,0.11876860990280023
2023-10-13,-0.008813921748572158,5917037.752593391,0.10799477097745072,0.11972038884331905
2023-10-16,-0.0011441533731754857,5910267.753889553,0.10752740716345484,0.11950102177584679
2023-10-17,0.006698591863746089,5949858.225378319,0.1090105128046794,0.11958722538441756
2023-10-18,-0.009151600494061718,5895407.499903349,0.11136088070966407,0.12061648927211811
2023-10-19,-0.0049014852097728715,5866511.2472369885,0.11097757674913013,0.12037390320120554
2023-10-20,-0.005094491784040896,5836624.353886956,0.10964937596139691,0.12063910677618804
2023-10-23,-0.011988377633286511,5766652.697028924,0.1136485324322433,0.12100330928050457
2023-10-25,-0.007157522945798644,5725377.748029487,0.11349078770616261,0.12150296835845094
2023-10-26,-0.011823788384773302,5657682.093113897,0.11287438720443356,0.12286167864932049
2023-10-27,0.009991087143001611,5714208.4879335975,0.11820837178335489,0.12295824463946718
2023-10-30,0.007802075736410631,5758791.175330096,0.12083208880224537,0.12364067336911168
2023-10-31,-0.007269255936190466,5716929.048393547,0.12141593332860039,0.12412258180016798
2023-11-01,-0.001549757824275297,5708069.192869972,0.11987414752887866,0.12402111616379288
2023-11-02,0.007490979797837204,5750828.223878419,0.12147920369214577,0.12443284049145385
2023-11-03,0.005243250858652064,5780981.25890123,0.11315716490335428,0.1242654772812025
2023-11-06,0.007863358695608199,5826439.188152559,0.11587642573810264,0.12489074449816989
2023-11-07,-0.00432150643642281,5801260.193699531,0.1143291722693084,0.12477191740707126
2023-11-08,0.001999972356784732,5812862.553721447,0.11385406768661413,0.12332727395024867
2023-11-09,-0.00821843953543874,5765089.89429587,0.11595344386192556,0.12131580730349399
2023-11-10,0.0015776801911346113,5774185.362422212,0.11478764632449748,0.11842080109943087
2023-11-13,1.0082263389925663e-05,5774243.579279899,0.10930664819941582,0.11838811513478623
2023-11-15,0.017169821689981126,5873386.311930653,0.12054448566628438,0.12167208068492659
2023-11-16,0.0055898003176749565,5906217.368602909,0.11855553603308493,0.12161930555189931
2023-11-17,-0.0022291674354799292,5893051.4211779535,0.11835148841546016,0.1210718677826006
2023-11-20,-0.0019195513608155736,5881739.406303076,0.11789583115507632,0.11973591120018803
2023-11-21,0.0065735785967661565,5920403.482576107,0.11857349507124595,0.11946380840473193
2023-11-22,0.004550481730231758,5947344.17045917,0.11724824673242222,0.11946735752165023
2023-11-23,0.0015350280814804352,5956473.510771054,0.115336056000922,0.11929976129124432
2023-11-24,-0.0010411274941159153,5950272.062431018,0.11221287869523065,0.1178195732674948
2023-11-28,-0.0007280515820221687,5945939.957442503,0.11219827808046064,0.11599441486293963
2023-11-29,0.00993144557686695,6004991.736533162,0.11271232832695016,0.11574396384519206
2023-11-30,-0.0043839947621030035,5978665.884213729,0.1135153466204488,0.1153810133135315
2023-12-01,0.006666168752100798,6018520.679910325,0.1134997719215614,0.1160043013731353
2023-12-04,0.016801181825485637,6119638.9401739435,0.11928355519018405,0.10778638658008248
2023-12-05,0.002353868842184389,6134043.767600638,0.11786547628530686,0.10603702886679721
2023-12-06,0.011285373401394742,6203268.741978508,0.11943492016107542,0.10768118183021326
2023-12-07,-0.003251069207717774,6183101.485984264,0.11301643018499444,0.10646143441555411
2023-12-08,0.004380156666223118,6210184.439176032,0.10947239473214802,0.1058780466426655
2023-12-11,0.0009368713613820387,6216002.5831259955,0.10061347431309836,0.10577308249508925
2023-12-12,-0.009045033764432794,6159778.629881821,0.10443896068904654,0.10649429790528966
2023-12-13,-0.002549290589934461,6144075.564184584,0.10420433961000694,0.10655812647535655
2023-12-14,0.017192532400757722,6249707.782394531,0.10893588434876078,0.10893615801824767
2023-12-15,0.016106790596759096,6350370.516936496,0.11441371684900851,0.11186826785248544
2023-12-18,-0.0013671134875123461,6341688.839752091,0.11466649110219794,0.11067161184347821
2023-12-19,0.005002599319778683,6373413.768028082,0.11463299387363057,0.11077176810404332
2023-12-20,-0.008244980400904899,6320865.096423834,0.118481643535626,0.11152475524347256
2023-12-21,0.009659946134451012,6381924.31277842,0.11816408012368668,0.11230964240826313
2023-12-22,0.0030369304539249915,6401305.773078541,0.11810989872874574,0.11207661035261146
2023-12-26,0.0012973594810664398,6409610.56781445,0.1132015527879476,0.11160867322124775
2023-12-27,0.008257203908976555,6462536.029250025,0.11383702036856165,0.11196247436991752
2023-12-28,0.004590284703120446,6492200.909528456,0.11328955976100281,0.11206544105260266
2023-12-29,-0.0054562481139607995,6456777.850560387,0.10923350766713108,0.1108788531686777
2024-01-01,0.0022386440130184784,6471232.277638935,0.10902385441256329,0.1107988905036371
2024-01-02,0.001156607582718153,6478716.953960781,0.10803017897114087,0.11079559335655116
2024-01-03,-0.011916495144467036,6401513.354836531,0.11574526768341473,0.11279862016183408
2024-01-04,0.00785139294665531,6451774.151638614,0.1161607615537773,0.11344935399065993
2024-01-05,0.002006398134525561,6464718.979260841,0.11607967289540717,0.11319822149745269
2024-01-08,-0.010134357889795066,6399203.203468061,0.1219711092348728,0.11370172314153802
2024-01-09,-0.0024318273807857733,6383641.445902656,0.12238005660503086,0.11375378283328583
2024-01-10,0.007664266656815436,6432567.376185553,0.12294691066820168,0.11430893745807144
2024-01-11,0.0030940896304818303,6452470.316201584,0.12101211418572683,0.11436782829934045
2024-01-12,0.020712960462515428,6586120.0787466215,0.13024655949277894,0.11881775477926886
2024-01-15,0.016775642711612346,6696606.476043451,0.13572232720283167,0.12163657527031903
2024-01-16,-0.004485684776960383,6666567.610316568,0.1316932589400298,0.1219520236752247
2024-01-17,-0.027838280043728986,6480981.834250122,0.15900282181122982,0.13112186696009762
2024-01-18,-0.008067711433721108,6428695.143004204,0.15895289918622266,0.13167359952833035
2024-01-19,0.0014145511546145685,6437788.861141406,0.15838178568637398,0.13167945812966017
2024-01-23,-0.024155893551159033,6282278.318706837,0.1744830007633507,0.1379612760951149
2024-01-24,0.015544265898639935,6379931.723342077,0.17989427521112228,0.13975605843074063
2024-01-25,-0.005697185408132844,6343584.06942297,0.17853766924470507,0.14011672724016497
2024-01-29,0.022353548679220257,6485385.684719542,0.18849593902922468,0.14480195946358623
2024-01-30,-0.01606321185401387,6381209.5605109045,0.1896469709782062,0.14745023170713878
2024-01-31,0.010546925707535838,6448511.70366983,0.18639491226417784,0.14831291453545636
2024-02-01,0.0007380020933567694,6453270.718806175,0.1863038365295025,0.14726763082556912
2024-02-02,0.006912611655348012,6497879.67319211,0.18677339951329874,0.1440948983656578
2024-02-05,-0.00595110825560991,6459210.087825016,0.18593392481653695,0.14426855470182662
2024-02-06,0.0004741968086490727,6462273.024635056,0.18402156645183412,0.1434602088531695
2024-02-07,-0.004119216665832726,6435653.521892818,0.1843268385155792,0.14333542346140896
2024-02-08,-0.008118240722694799,6383407.337394234,0.1858726976230128,0.1441148383862646
2024-02-09,-0.00022238720272888717,6381987.749292592,0.184188638099861,0.1439421890080592
2024-02-12,-0.006667349609342901,6339436.805765513,0.18445300803991113,0.14268344851383727
2024-02-13,0.004262841952582223,6366460.822936876,0.18443897311892615,0.14276216969792385
2024-02-14,0.0009515820733709732,6372519.032926801,0.18431640412874992,0.14176706031339478
2024-02-15,0.0020594126434206207,6385642.679193649,0.18440320938459237,0.141703768734152
2024-02-16,0.0027317921775763206,6403086.927913467,0.1813268069378495,0.14163513122749846
2024-02-19,0.0040696314653169904,6429145.131950464,0.18024486123389988,0.14157072898903583
2024-02-20,0.0035646350961521015,6452062.68832607,0.1804561489415094,0.14096516336515721
2024-02-21,-0.008838252451689342,6395037.729452519,0.1798619284319869,0.14149687192534122
2024-02-22,0.007409393191340312,6442421.078463488,0.18094474639186606,0.14123701409803727
2024-02-23,0.0008974130683322595,6448202.591331001,0.17963194931922258,0.14120203696999228
2024-02-26,-0.004177062443193697,6421268.046460649,0.17982996368353038,0.14051065280593247
2024-02-27,0.0004968727290692726,6424458.599438979,0.16869962103348027,0.14046829898161298
2024-02-28,-0.00871740940613383,6368453.963614912,0.16168985324700805,0.14105433199041528
2024-02-29,-0.0005527610621875948,6364933.7302374905,0.16148644868257248,0.14006792003625637
2024-03-01,0.011095056470723806,6435553.029406889,0.14485783812641795,0.14075101818602515
2024-03-04,0.0010742748425388296,6442466.582124205,0.14295059038941083,0.14036424584281834
2024-03-05,-0.005394549941761316,6407712.374398807,0.14377071043229198,0.13904592923946965
2024-03-06,0.003215625114450545,6428317.1752361,0.12461042638594229,0.13836017015298707
2024-03-07,-0.0021796810992809217,6414305.493789055,0.11672020120730375,0.13669619225570837
2024-03-11,-0.01018575634124413,6348970.940931017,0.11938708358489918,0.13728734418123673
2024-03-12,0.007924607205241291,6399284.041795386,0.10203211375596215,0.13730416011030702
2024-03-13,-0.0017939697685077907,6387803.91968431,0.09079027116503581,0.13665094588704588
2024-03-14,0.0036614000717001658,6411192.225413849,0.0859361847092236,0.1366246593727428
2024-03-15,-0.006368171057250081,6370364.656641502,0.08772641458611968,0.1368226400883397
2024-03-18,-0.0015548287891945151,6360459.830275687,0.08496878809634087,0.13672303254766596
2024-03-19,-0.011564334039624924,6286905.348152764,0.08942475794493424,0.13786142344149854
2024-03-20,0.002156616546292465,6300463.792251565,0.08977928849596678,0.13759489953881257
2024-03-21,0.006749667340429843,6342989.826939687,0.09182164387082371,0.13792619705508066
2024-03-22,-0.003410206864493502,6321358.919490445,0.08939448061905794,0.1372485260067414
2024-03-26,-0.009194962362447306,6263234.26214621,0.09302655587468733,0.13831332742548869
2024-03-27,0.013166219693701771,6345697.380434746,0.09934824673679173,0.13980641891341813
2024-03-28,0.002242176925440719,6359925.556676988,0.09877495109961887,0.13715051795034888
2024-04-01,0.0031530515409082544,6379978.72975353,0.09916754812207382,0.1369761777814642
2024-04-02,7.598751336990433e-05,6380463.528472557,0.09898612764339557,0.13688161048084357
2024-04-03,-0.003469318687763631,6358327.667116633,0.09912602043428419,0.13699716061902978
2024-04-04,0.0067528592289513075,6401264.558784218,0.10043030962580493,0.13701849933295077
2024-04-05,0.004241172929819003,6428413.428747544,0.10066518607070077,0.13699617329301977
2024-04-08,0.0053469411052128315,6462785.776751015,0.09833729711113416,0.13719443711233656
2024-04-09,-0.002721135215581794,6445199.662783137,0.09639972773954988,0.13729202738505655
2024-04-10,0.00727852401149558,6492111.2032875875,0.09864530318727562,0.13767221074931094
2024-04-12,-0.011887490300015026,6414936.294331888,0.10403284449776674,0.13850923493295697
2024-04-15,-0.009245279021111536,6355628.418388134,0.10739597122457503,0.13925842648575304
2024-04-16,-0.005346484562222096,6321648.149166002,0.10553850332891268,0.13925625310378303
2024-04-18,-0.005098443837154146,6289417.581119229,0.10647948343135047,0.13683568271219615
2024-04-19,0.009336647859105545,6348139.658313005,0.10494426181790349,0.13762314265931974
2024-04-22,0.0022444493001555297,6362387.735926394,0.10514507392649182,0.13642812093423418
2024-04-23,-0.0021834278724700692,6348495.921208312,0.1042263207459165,0.13636071738457967
2024-04-24,-0.0031771770331885238,6328325.625772158,0.10400524027526929,0.13631149662552117
2024-04-25,0.0066325165369843855,6370298.350136514,0.10588864219183407,0.1367257974461022
2024-04-26,-0.0021379142888586994,6356679.198269465,0.10178849047340911,0.13587362330561903
2024-04-29,0.006457247734240846,6397725.850619786,0.1008882085391112,0.13615823532464516
2024-04-30,-0.004558314421200677,6368563.004612017,0.10163343402955528,0.13343891677857858
2024-05-02,0.002507893266061628,6384534.680885774,0.10131886616378002,0.13077533606430786
2024-05-03,-0.01010026313200001,6320049.200633449,0.10386447350500964,0.13186341475000374
2024-05-06,-0.0017650533076932562,6308893.976887086,0.10388931988392833,0.13162193750150508
2024-05-07,-0.0025299683589272244,6292932.674745736,0.0984998209223869,0.13096375542483266
2024-05-08,-0.0024572450723397503,6277469.39694015,0.09855026716460766,0.12999500889720464
2024-05-09,-0.016408739426080107,6174464.037350568,0.10704687777238328,0.13268956325779602
2024-05-10,0.006000178341353413,6211511.922736945,0.10857397153414326,0.13308925501062807
2024-05-13,0.0015383763429173947,6221067.565732632,0.10557252846205051,0.13233681443085407
2024-05-14,0.004404941771302871,6248471.006115025,0.09876521227984607,0.13231743229813622
2024-05-15,-0.006728331271730173,6206429.223244082,0.10001832320718415,0.1324723550723243
2024-05-16,0.013134391207064309,6287946.892661126,0.10735623348533845,0.13432958733318814
2024-05-17,0.003560375505500848,6310334.344757647,0.10798114837443878,0.13446272003659376
2024-05-21,-0.0031174364719886443,6290662.278320857,0.10789748628070733,0.13310160028734788
2024-05-22,0.01078339707162354,6358496.9875114765,0.11079152521969184,0.13369036259674
2024-05-23,0.015347039937985172,6456081.094724373,0.11902938078484802,0.13613443356223953
2024-05-24,0.00032449192841188176,6458176.040928783,0.11801709646918093,0.13504576404484464
2024-05-27,-0.001910289214238012,6445839.056894146,0.1178777778230445,0.13502048321256677
2024-05-28,-0.0033119887667140543,6424490.510345667,0.11620311666285843,0.13453772733152464
2024-05-29,-0.009210520630023946,6365317.607962735,0.1141286030376736,0.13531532978357175
2024-05-30,-0.008772488692207524,6309477.931224573,0.11381199714747592,0.13140316689654055
2024-05-31,0.006626809105685043,6351289.637031331,0.11441255855364009,0.12870747304614708
2024-06-03,0.026716269139808027,6520972.400359133,0.13665062037119982,0.13637135309859028
2024-06-04,-0.04485703297763255,6228460.926349991,0.18899586330795642,0.14856293637924653
2024-06-05,0.030638525407553345,6419291.78469192,0.20947089464611357,0.15679503407451156
2024-06-06,0.012594894732445749,6500142.088976968,0.21225886661185686,0.1581840913169335
2024-06-07,0.02194852374242604,6642810.61194602,0.22042611012509228,0.1569278386291176
2024-06-10,-0.007751654687163694,6591317.837929988,0.22157509073866777,0.15551036005395696
2024-06-11,-0.004675021071921484,6560503.288145933,0.22203195730444084,0.15540607322877217
2024-06-12,0.0012714134337290747,6568844.400158506,0.22146231002696853,0.15092082873145957
2024-06-13,0.0021600617338462754,6583033.509582877,0.22085890219419607,0.1484249882409582
2024-06-14,0.005141883029166176,6616882.697866233,0.2211263508944002,0.14765118695358745
2024-06-18,0.003158226230492644,6637780.3103667265,0.21851704181516865,0.14772567395143346
2024-06-19,0.0040038380786383745,6664356.907931009,0.2183551975990198,0.14744004853513054
2024-06-20,0.005721747481881307,6702488.675287322,0.21820329855602746,0.14732714770429925
2024-06-21,-0.0037181572900425986,6677567.768157875,0.2184673910454745,0.14749241439579613
2024-06-24,-0.0009700261479673412,6671090.352817938,0.21154097284142823,0.14731280154091406
2024-06-25,0.011616780041169943,6748586.942081395,0.21293142964753037,0.14776637882486982
2024-06-26,0.011543611921199336,6826490.010757255,0.21436329740943372,0.148874613588386
2024-06-27,0.008059256124658366,6881506.4421863705,0.21480458968422686,0.1488247768870346
2024-06-28,0.003942643752281749,6908637.770566943,0.212686835525509,0.1488055931046647
2024-07-01,0.007697002925037808,6961813.575695024,0.21116191572311546,0.14923299304843973
2024-07-02,0.008167916855489798,7018677.090144721,0.21159793285240477,0.1497019570946309
2024-07-03,0.005666192192400565,7058446.26347388,0.2106902263635391,0.14987323323790314
2024-07-04,-0.0027925659164126032,7038735.087015673,0.21052783999335767,0.14993167575190303
2024-07-05,-0.004531468846967395,7006839.278246805,0.20866540430924047,0.15015927538783666
2024-07-08,0.006130753179356475,7049796.480429156,0.2087413681262496,0.1494808104661398
2024-07-09,0.0009308593833767908,7056358.84963386,0.20832140084080986,0.14910255503168168
2024-07-10,-0.0046696549730379944,7023408.088440128,0.2087215783729815,0.14940997132685624
2024-07-11,0.0018803673590705396,7036614.675759063,0.20550637144000444,0.14915999126805057
2024-07-12,0.011644949174207804,7118555.696016762,0.20348191766727575,0.15020341010366495
2024-07-15,0.0009858098572792778,7125573.238391487,0.2035323968237371,0.1492667699973934
2024-07-16,-0.0012695298905738644,7116527.110177876,0.19213993619521091,0.1492966788139119
2024-07-18,0.007170630266242148,7167557.094864651,0.12803478434102145,0.14870979108675042
2024-07-19,-0.0015709640595210656,7156297.120274053,0.10295961538749399,0.1487840562727472
2024-07-22,-0.005519695975751757,7116796.535857993,0.1026688789001453,0.1487999366680475
2024-07-23,0.005755198033954009,7157755.109289214,0.08616150275897655,0.1489574326573921
2024-07-24,-0.0005752999020616175,7153637.25347586,0.08109912311320032,0.1488773544661485
2024-07-25,-0.0010216074857855935,7146329.044107114,0.07885459080228165,0.14766790346385505
2024-07-26,0.014810268095845154,7252168.093151464,0.08592051561548877,0.1489785324904133
2024-07-29,-0.0029956309868436276,7230443.27368982,0.08780317645216358,0.149065817687754
2024-07-30,-0.0009746798418203605,7223395.906383529,0.08838293419392937,0.14907042850924915
2024-07-31,-0.0007705342854228215,7217830.032180478,0.08903074086122287,0.14854102324253843
2024-08-01,0.0036683442753394366,7244307.5176594,0.08899700425961744,0.14850075244226818
2024-08-02,-0.005266969180708778,7206151.973228311,0.09152528488371463,0.14730230363423027
2024-08-05,-0.0281950120068352,7002974.431820059,0.12659613336942907,0.15548270401731956
2024-08-06,-0.0006387076853296488,6998501.578230289,0.12654090112421829,0.1552304100638356
2024-08-07,0.01336273337843786,7092020.688868756,0.12783294301185483,0.15637113939404976
2024-08-08,-0.005476210212511872,7053183.292745028,0.12593312285927255,0.1557853284492612
2024-08-09,0.010819434814395049,7129494.749614863,0.12749908495372894,0.15533094302261832
2024-08-12,0.0017266168479221822,7141804.655366722,0.1272482129944446,0.15532488295420072
2024-08-13,-0.010662695183642257,7065653.769265429,0.1301184796274731,0.15658276796989684
2024-08-14,0.004456800643579079,7097143.979531597,0.128660980175666,0.1566666249937447
2024-08-16,0.015921391619067207,7210140.388206625,0.13555512177663248,0.1583698223716748
2024-08-19,0.0034954986940107856,7235343.424517236,0.1353543279525771,0.15815449124898776
2024-08-20,0.002685882538514194,7254776.707081298,0.1344257814737575,0.1580970924303063
2024-08-21,0.0008314387813166881,7260808.609785358,0.13360978553500233,0.15795789945015334
2024-08-22,0.0014739068665139562,7271510.365451764,0.1336159790035628,0.15780813897660778
2024-08-23,-0.0024670852981366898,7253570.92913391,0.1329495041198,0.15762100457541256
2024-08-26,0.006963993582443458,7304084.750534197,0.13401776409617602,0.15631230643384042
2024-08-27,-0.001754668964502801,7291268.499708337,0.13059473074100952,0.15535508821521798
2024-08-28,0.0029724945141417053,7312941.755324854,0.13074187719482452,0.154928768320269
2024-08-29,0.007055901526783679,7364541.15222153,0.1317648344283616,0.15476076062150296
2024-08-30,-0.0025132600568557205,7346032.145106581,0.13092294141508717,0.1543971151318753
2024-09-02,0.004869406287945633,7381802.960225415,0.13121698393139125,0.15448719585119836
2024-09-03,-0.0025861542269713655,7362712.479297159,0.13020879035246813,0.1545173248263377
2024-09-04,-0.0013056882931532158,7353099.071807087,0.1296531025876082,0.15438190486499334
2024-09-05,-0.0010033389292354393,7345721.421257819,0.12970222224246364,0.15422202867743515
2024-09-06,-0.014314360570906692,7240572.116180502,0.13694729627691143,0.1563952444087583
2024-09-09,0.0036956267050931046,7267330.5678532105,0.13047144071891786,0.1562153533073059
2024-09-10,0.0031964735541548765,7290560.397822655,0.1304280223749941,0.1559073409495387
2024-09-11,-0.003299457031126258,7266505.5070572095,0.1308003345170823,0.15610916825046867
2024-09-12,0.01662821014892026,7387334.487676843,0.13909918554696146,0.15689674371768864
2024-09-13,-0.004247319329283857,7355958.119115448,0.13957748876405823,0.15711055559947118
2024-09-16,0.00038387386726739106,7358781.87920609,0.13848855120202597,0.15696105927468537
2024-09-17,-0.0010092373515686454,7351355.121671549,0.10825094796022146,0.15686882805124572
2024-09-18,-0.004651199437585929,7317162.502864135,0.10960180484026237,0.15421482890673702
2024-09-19,0.004198505007082513,7347883.646270047,0.10406719960350316,0.15410979775095218
2024-09-20,0.01240383348726815,7439025.571502202,0.10695777439998376,0.15510383522312318
2024-09-23,0.004365943000638554,7471503.933127674,0.10381752543025292,0.1551021624427244
2024-09-24,0.00017667018558427644,7472823.925114133,0.10389614403268174,0.15442632695710806
2024-09-25,0.0031187364254750775,7496129.693290548,0.09730888224931367,0.15330759896311194
2024-09-26,0.003852729291188888,7525010.251730441,0.09719157065551684,0.1533167988600036
2024-09-27,0.0018502295407881375,7538933.247992925,0.0877378188220751,0.15307206309722837
2024-09-30,-0.01887652227742781,7396624.406589145,0.10548550535968944,0.1562976752426383
2024-10-01,-0.0006492969629755753,7391821.800825676,0.10539827629680722,0.15463478218958598
2024-10-03,-0.022286141955711034,7227086.610861156,0.12459205422979934,0.1596890351082939
2024-10-04,-0.008824932326179943,7163308.060604865,0.1269957049891046,0.16049986210223655
2024-10-07,-0.006290740612608606,7118245.547667392,0.12799815866277092,0.16081532073497287
2024-10-08,0.01294176970004417,7210368.242213667,0.13217070946838125,0.16103028690130566
2024-10-09,-0.013223458015260646,7115022.2404881865,0.13727577528333829,0.1619986544943976
2024-10-10,0.00045967846253285385,7118292.862972582,0.13687163896902396,0.16176244334017748
2024-10-11,-0.0011314185874588454,7110239.094116439,0.13479676012406128,0.15599157321077203
2024-10-14,0.012332747359848722,7197927.876532298,0.14023597725850942,0.1365165473769661
2024-10-15,-0.0066848805800307325,7149810.588254006,0.14028918984269417,0.12809863200996205
2024-10-16,-0.0013486128722502533,7140168.261660534,0.1402154257956575,0.12671344406045554
2024-10-17,0.00029353909047685235,7142264.180157914,0.1402602154062939,0.12169497247536579
2024-10-18,-0.008835260509871398,7079160.415495896,0.1421195477356921,0.12192475089322545
2024-10-21,0.005916285861272984,7121042.752171777,0.1379214449627385,0.12186050207451513
2024-10-22,-0.009125580339868173,7056059.104433197,0.1395142363441612,0.12301698490157358
2024-10-23,0.004541045282406668,7088100.9883417655,0.1399149622594376,0.12315458487292462
2024-10-24,-0.0017188936062407204,7075917.296872517,0.13975438813799138,0.12301284637536915
2024-10-25,-0.00018089585849949625,7074637.292738428,0.12961227465652855,0.12295658109317191
2024-10-28,0.0011149745231223839,7082525.333080164,0.12952335593854844,0.12283429790269021
2024-10-29,0.004954232598651851,7117613.810966087,0.13069014580151395,0.12275224788976666
2024-10-30,-0.005210350777413935,7080528.546312788,0.13123721383419096,0.12292950344866421
2024-10-31,-0.009235330185211941,7015137.527301771,0.13294098721915443,0.1240170297940553
2024-11-01,0.0028270499616067316,7034969.671578994,0.13250048846105003,0.1226688421525079
2024-11-04,-0.014089629853383915,6935849.552876665,0.13072605416384198,0.12362487391161261
2024-11-05,0.00525530223616314,6972299.53854159,0.13114480454919294,0.12320891245686309
2024-11-06,0.01379099858916101,7068454.511640826,0.13904897819646114,0.12514831703542784
2024-11-07,-0.009844740311914305,6998867.412567143,0.14012353674444694,0.12564793697992174
2024-11-08,-0.000607705973704066,6994614.159031364,0.13902819612799175,0.12490637321949606
2024-11-11,0.002532309370260049,7012326.686007633,0.139223148185056,0.12461304841774902
2024-11-12,-0.007751151165834851,6957973.08184017,0.13127033814656477,0.12519778616754657
2024-11-13,-0.011919184043947302,6875039.720104885,0.13428968593157292,0.12654173438670943
2024-11-14,0.0031535144711637843,6896720.2573520625,0.12111263495135986,0.126219017797519
2024-11-18,-0.005899734526792613,6856031.438728133,0.11987203142000209,0.1265608652252483
2024-11-19,0.0033302426346293293,6878863.686929745,0.11972702027992321,0.12648464723667835
2024-11-21,-0.007512291936984777,6827187.654718805,0.11337116061877331,0.12702266697804604
2024-11-22,0.026725303209415466,7009646.314858743,0.13536350608792322,0.13338644486691506
2024-11-25,0.011213711975331463,7088250.469682512,0.1395243509431246,0.13472136523143338
2024-11-26,0.006357763093080162,7133315.886913168,0.14072822237778995,0.13512543690903672
2024-11-27,0.0036656277266196437,7159463.967410974,0.13638083960250433,0.1347300516922711
2024-11-28,-0.017258560482492545,7035901.925507185,0.14401742649047491,0.13777838110919338
2024-11-29,0.006628446025882908,7082539.021663817,0.1454553987357526,0.13793758966110803
2024-12-02,0.00838793324381652,7141946.886174259,0.147584658899025,0.1383193123538072
2024-12-03,0.006665439093395209,7189551.098152316,0.14631659333793512,0.1387620537396217
2024-12-04,-0.0005008938782123523,7185949.896020156,0.1454535808568087,0.13875294092228935
2024-12-05,0.009678873901340243,7255501.798925085,0.14502636510918168,0.1374722656632323
2024-12-06,-0.004166094679959362,7225274.691480148,0.14535841271939556,0.13755942585495595
2024-12-09,-0.003907865486753688,7197039.2898809975,0.1458100162383362,0.13770752104128803
2024-12-10,0.00030607776126141776,7199242.143554554,0.14579399250945344,0.1377023217184824
2024-12-11,0.0005054660734611789,7202881.116212753,0.14578681499548962,0.13756594885831305
2024-12-12,-0.004619977502975296,7169603.967499244,0.14594411842856936,0.13750040754605372
2024-12-13,0.009348154203627444,7236626.530966366,0.1472754813242189,0.12985634366016277
2024-12-16,-0.004328566957934431,7205302.3084775135,0.14504898750898346,0.13008632013102517
2024-12-17,-0.011231782147253094,7124373.922643594,0.14911907880164663,0.12963302267891838
2024-12-18,-0.0008251623439479716,7118495.157558424,0.14268685273683251,0.1293014121489221
2024-12-19,-0.01370201449825218,7020957.433703822,0.14813943303248156,0.13007250682851954
2024-12-20,-0.013490933907191773,6926238.161000516,0.1476088941942384,0.13193424340266705
2024-12-23,0.012994532772956166,7016241.389776937,0.15004900369261745,0.13261324181669576
2024-12-24,-0.0006318948689183154,7011807.862843644,0.15005004746589018,0.13239748409167
2024-12-26,-0.0035054704690160223,6987228.177446031,0.15022856780125055,0.12970452370686666
2024-12-27,0.004070565724120252,7015670.1489717495,0.14888161245691267,0.12975592992425117
2024-12-30,-0.007756483428866544,6961253.219718857,0.14637627572213965,0.1302489681462001
2024-12-31,-0.0002824869774720896,6959286.7563374005,0.14616473623978785,0.13023186702744508
2025-01-01,0.003512719604348925,6983732.779358674,0.14521466291668841,0.1303612320732776
2025-01-02,0.01800022539062794,7109441.543455047,0.15354784257394766,0.13389988828456362
2025-01-03,-0.009473850069296807,7042087.760195923,0.1546104182153875,0.13423864484266576
2025-01-06,-0.022573220974959344,6883125.157059964,0.14948722919834184,0.13927224699421234
2025-01-07,0.005032939349397875,6917767.508509763,0.1462948936958067,0.1394645150086937
2025-01-08,0.006690047622955989,6964047.702586229,0.14643867465174304,0.13940913882265576
2025-01-09,-0.008801119727417579,6902756.28496832,0.1476183234005429,0.14005122773032855
2025-01-10,-0.0012246510030158877,6894302.817560359,0.13953041519518597,0.13974175886973
2025-01-13,-0.007756516930588667,6840827.041031348,0.13924725963234993,0.14020426299899355
2025-01-14,-0.0010553937135768846,6833607.275176576,0.13630308128858395,0.14020222101252636
2025-01-15,0.004259615217669753,6862715.812717497,0.13523492846129703,0.14045433114917197
2025-01-16,0.0009519277863325394,6869248.622589326,0.1353950087519286,0.13858009993983195
2025-01-17,-0.004034483451741467,6841534.752695591,0.1313595005935423,0.13851365480302424
2025-01-20,0.0020369191393582913,6855470.405775942,0.1316690322663762,0.13843645277478683
2025-01-21,-0.010898788901067762,6780754.081005873,0.13421446268371445,0.13942936337966327
2025-01-22,0.011762335882710799,6860511.588044726,0.13987518590086842,0.13794392948008438
2025-01-23,-0.0011970596345374602,6852299.146550402,0.1397428963614881,0.13782148599746213
2025-01-24,-0.005184816639570664,6816771.231916051,0.13985765575269535,0.13800659230593815
2025-01-27,-0.01482760642849604,6715694.830976105,0.1408957137307162,0.1399852847662222
2025-01-28,0.007549833563946734,6766397.209216232,0.14369690446261124,0.14056340402622006
2025-01-29,0.00703179102921443,6813977.100412101,0.14330836920787693,0.14092988767986755
2025-01-30,0.005472595655415977,6851267.241887921,0.14470041692084984,0.1395619313502914
2025-01-31,0.01111871210252463,6927444.509887931,0.14399669745771057,0.14073258420860607
2025-02-01,0.0008627074428228451,6933420.867826355,0.13857057802465078,0.1407507568480504
2025-02-03,-0.008435452218013725,6874934.327388426,0.13507926062517842,0.14116874509486313
2025-02-04,0.021929797712766187,7025700.246476607,0.15008852466577538,0.14605594711297093
2025-02-05,-0.0017741087678125448,7013235.890069311,0.14980981571593915,0.1460012094378241
2025-02-06,0.0013698471642753917,7022842.951365717,0.14940222256284447,0.14278341803007188
2025-02-07,-0.010879865673404713,6946435.36340944,0.15108998017485914,0.14382881421823024
2025-02-10,-0.010296944750200952,6874908.3022615705,0.15399686968399284,0.14007219480321081
2025-02-11,-0.011260754059283421,6797491.650689677,0.15669645186941056,0.14053981098061216
2025-02-12,-0.006114745192624091,6755926.72129672,0.1467549481294331,0.14051973977633578
2025-02-13,-0.004143043450178443,6727936.623344166,0.14509154265057284,0.13877527595644099
2025-02-14,0.001674204520818305,6739200.565254747,0.13077204078118146,0.1372083392268305
2025-02-17,0.0033593744625916968,6761840.063531947,0.13022649671746092,0.13735542233638182
2025-02-18,0.0008657475290631422,6767694.1098588705,0.12842546248717296,0.1373714669957958
2025-02-19,-0.003349780929210854,6745023.817194933,0.12647603667582374,0.1357161541615988
2025-02-20,-0.005180384355778918,6710082.00133298,0.12712582137490802,0.13555109928967277
2025-02-21,-0.0020937401882677987,6696032.8329802165,0.1255099415060877,0.13556741034124736
2025-02-24,-0.012056802377299374,6615300.088401066,0.12977156881228238,0.13688575601022987
2025-02-25,-0.00015956816490850017,6614244.497105641,0.128829180801482,0.13621454599720426
2025-02-27,0.0021123991098657463,6628216.421293761,0.1290410971864942,0.1358381563691018
2025-02-28,-0.009218529177543766,6567114.01481899,0.13090645999637535,0.1358544516549199
2025-03-03,-0.008836238286830597,6509085.430527265,0.13226183865978292,0.13621971598781632
2025-03-04,-0.004944550358249937,6476900.929829872,0.1297628962986993,0.1363807879748701
2025-03-05,0.00795536584970933,6528427.046298991,0.12681886206444531,0.13718718378060332
2025-03-06,0.010255121118864535,6595376.856374458,0.13141242323277832,0.13840604476842228
2025-03-07,0.005536949299815859,6631895.123641383,0.13228676877533888,0.13847750817055482
2025-03-10,-0.0006496849688181184,6627586.481064774,0.12550782882676592,0.13827146405624782
2025-03-11,-0.0028680001789954932,6608578.561850773,0.12338036071216542,0.1375668487263044
2025-03-12,-0.00026489880093128436,6606827.957313878,0.12117014367222542,0.1374443323116453
2025-03-13,-0.004787637979456972,6575196.856861705,0.12005099349171636,0.13574172525198253
2025-03-17,-0.0019036364243551864,6562680.072627677,0.11408994432644871,0.1354019265591673
2025-03-18,0.00048051028877020433,6565833.507924481,0.1140184701938498,0.133200067565107
2025-03-19,0.004708143922546601,6596746.397051269,0.11372417653329006,0.13262197154734687
2025-03-20,0.014162813760245772,6690174.887696279,0.10147584998835626,0.13491004198975332
2025-03-21,-0.0004984200285249696,6686840.370537917,0.10152527542628921,0.13481507664992032
2025-03-24,0.013454427091636086,6776807.976776728,0.11023162766107579,0.13624434311999048
2025-03-25,0.003954579491744421,6803607.40262118,0.10721399981124768,0.13498034775451095
2025-03-26,-0.010459685008472847,6732443.812268448,0.10734193734813832,0.1359753217874741
2025-03-27,0.005704916365268633,6770851.841151311,0.1040147630993456,0.13599216965515298
2025-03-28,-0.004866206069549042,6737903.480825883,0.10344985882433885,0.13609789825960952
2025-04-01,-0.02267061981262425,6585151.0326779215,0.12205460123020234,0.14069198833836488
2025-04-02,0.008827137655106782,6643279.067323038,0.12498210737567729,0.13396165587637007
2025-04-03,-0.008667179450573144,6585700.575506313,0.12664816701168727,0.133141947380298
2025-04-04,-0.014344677415782766,6491230.82519374,0.13240083068733705,0.1344983348347169
2025-04-07,-0.02973139117827285,6298237.502301442,0.1558544604864801,0.14257687737466462
2025-04-08,0.014298035326120888,6388289.924601648,0.1627285018801489,0.1424059753457336
2025-04-09,-0.0022617730731335664,6373841.062466813,0.16273378911477743,0.14182764199094755
2025-04-11,0.01881978826838603,6493795.401718782,0.16992530918755902,0.1448520827860839
2025-04-15,0.016867909763274076,6603332.156576139,0.17728276695940326,0.14736803719700187
2025-04-16,0.0013764637508444566,6612421.403924452,0.17721958568939541,0.1474159770668724
2025-04-17,0.01553267535582965,6715129.998907549,0.18054241117930156,0.14892103775192148
2025-04-21,0.011570175356158967,6792825.230534314,0.18075919856270892,0.15024081784501278
2025-04-22,0.003960991466539359,6819731.553306153,0.1798465350027642,0.15033332899564267
2025-04-23,0.003935563156411175,6846571.037543959,0.1790231973393564,0.15051467303561963
2025-04-24,-0.001512628041926872,6836214.722201526,0.17734843900335628,0.15051387438228514
2025-04-25,-0.0006558833532182688,6831730.962766208,0.17695751095773254,0.1503553900118709
2025-04-28,0.018764058938382844,6959921.965202727,0.18413653479406383,0.15290411958606198
2025-04-29,0.006744691808059727,7006864.493866166,0.18417310141968893,0.15321828859438405
2025-04-30,0.003930442192958294,7034404.569713199,0.18412260038666878,0.1522426824437911
2025-05-02,0.005405618662568662,7072429.878335298,0.18314889740747464,0.15251490934859815
2025-05-05,0.007992723953342731,7128957.858032205,0.18332819458530236,0.15132259500239187
2025-05-06,-0.0031693064469860716,7106364.005932452,0.18403802187696403,0.14965203249530223
2025-05-07,-0.0034954480815288036,7081524.07950127,0.1847967039773555,0.1482376752191016
2025-05-08,-0.0020208717715583207,7067213.227389396,0.1817980964327955,0.1482765309582457
2025-05-09,-0.01581692351149171,6955431.6563323755,0.18883401231421423,0.15054513342183695
2025-05-12,0.046641898377927614,7279846.192821651,0.2277565494304513,0.16947310322079806
2025-05-13,-0.020748342160648692,7128801.453136091,0.23742282636135364,0.17262313928818082
2025-05-14,0.004108529327388952,7158090.342975434,0.23469670158165018,0.1727358993718166
2025-05-15,0.014456699797035948,7261572.706183892,0.2372056666482013,0.1742634136710607
2025-05-16,-0.0014396108247312083,7251118.867511497,0.23649506537570922,0.17175145649362197
2025-05-19,-0.0072604564025658385,7198472.4351041075,0.22620428763952513,0.17143529852202857
2025-05-20,-0.007124762064807154,7147185.031773917,0.22739807286494298,0.16750264518904012
2025-05-21,0.003198702214647238,7170046.748363545,0.22490384150982798,0.16738934681353024
2025-05-22,-0.011184530348725696,7089853.142904691,0.2229723170768239,0.16817384971180957
2025-05-23,0.012576498824656793,7179018.672623422,0.20163457268702242,0.16871816655628977
2025-05-26,0.007612449947905763,7233668.592943848,0.19971897578095774,0.1691111801855392
2025-05-27,-0.009810879206319222,7162699.9441599315,0.2030213591822095,0.16943290088719098
2025-05-28,-0.00456572215085512,7129997.046364952,0.19944494869010038,0.16962978209042845
2025-05-29,0.003101454567332296,7152110.408269467,0.19518995148799,0.16956870296796409
2025-05-30,0.0028444650076703336,7172454.336056785,0.19514741378796946,0.16961207039747728
2025-06-02,-0.004266708214882128,7141851.566220264,0.19232584110418688,0.16963023379973893
2025-06-03,-0.005483326518477498,7102690.462136178,0.19139753483822125,0.1699080577977252
2025-06-04,0.0077534314106857145,7157760.685465683,0.1921256271705157,0.16924581763856492
2025-06-05,0.006766465667595441,7206193.427400751,0.19258858389691147,0.16852257099639772
2025-06-06,0.006665250729743023,7254224.513401404,0.1928326708497916,0.1687982493657448
2025-06-09,0.003329174682952175,7278375.093995871,0.19269246550411404,0.16856039417090948
2025-06-10,0.0007148128770059019,7283577.770236738,0.18618769755478662,0.16647807647339438
2025-06-11,0.004805507905991584,7318579.060795516,0.18580487336899892,0.16623348288831152
2025-06-12,-0.007817695388941615,7261364.639018331,0.18759022947894324,0.16654592219601924
2025-06-13,-0.010602432255490488,7184376.512350724,0.19013660830212178,0.16742812392861037
2025-06-16,0.009706660062719499,7254112.812918699,0.19078010899768436,0.1671930244204106
2025-06-17,-0.0003845836204473213,7251322.999949974,0.19046623942910426,0.16719979829427117
2025-06-18,-0.0011941662036218724,7242663.715091887,0.1901378417498118,0.16653532142790992
2025-06-19,-0.0010595281380389205,7234989.909091393,0.19003347042182878,0.16260785546860354
2025-06-20,0.013296044229614414,7331186.654923487,0.1865449989638051,0.16399259510978464
2025-06-23,-0.011738139449994526,7245132.163634056,0.13398820691415833,0.1652678399222018
2025-06-24,0.0003530925004696145,7247690.3654659465,0.1188691840636359,0.16416228557507545
2025-06-25,0.012022763309431935,7334827.631269993,0.12305098158078515,0.16424482290684575
2025-06-26,0.01381186268409551,7436135.263324603,0.12244371543148846,0.1644019978380473
2025-06-27,0.004627851800646548,7470548.595292832,0.12273279117587241,0.1640585860416341
2025-06-30,-0.006768862674517796,7419981.477747982,0.1224524266433674,0.1643579488181044
2025-07-01,0.007556033122515957,7476047.103562301,0.1213341041970944,0.16470627354977585
2025-07-02,-0.0060431243878588245,7430868.420985982,0.12317149309844029,0.16510926432038378
2025-07-03,0.0012701437721352787,7440306.692232453,0.11742672468278981,0.1651090118360522
2025-07-04,0.005065065290826863,7477992.331412386,0.1132906031546908,0.16506633394384573
2025-07-07,0.0022765702372928827,7495016.506188784,0.1117876567112321,0.1647214495454459
2025-07-08,0.0032606698137060287,7519455.280263742,0.10690465636852525,0.16465431780693654
2025-07-09,-0.002232080468241277,7502671.251000852,0.10593642290864883,0.16320485842505522
2025-07-10,-0.004630071989850775,7467933.342992534,0.10742061469465056,0.16350098993556494
2025-07-11,-0.010760053431434284,7387577.981199545,0.11299280829733992,0.16475662120345633
2025-07-14,-0.004989685559761145,7350716.290025145,0.113305192612288,0.16414599397358867
2025-07-15,0.005467139186279089,7390903.67910156,0.11231278087839346,0.16338680477510803
2025-07-16,0.004362661589955716,7423147.690697439,0.1110560404093438,0.16309501272659688
2025-07-17,-0.007017918379927397,7371052.646081978,0.11227236638840099,0.16335899199629023
2025-07-18,-0.004413485440671015,7338520.612546075,0.11181517800496271,0.16295157576742977
2025-07-21,-0.005289064301705717,7299706.705146926,0.11264624318069152,0.16314987675067627
2025-07-22,-0.006167595299921705,7254685.068381456,0.11408830007910828,0.1635799165697132
2025-07-23,0.0051826847627971,7292283.814144248,0.11423458608584784,0.16358762706213245
2025-07-24,-0.011493634677136825,7208468.968022477,0.1168606612509763,0.16493547407390063
2025-07-25,-0.008806541893803095,7144987.284065407,0.11558277811340513,0.16547251870439952
2025-07-28,-0.00013152623064423914,7144047.530819933,0.11173990545717638,0.16541171722701867
2025-07-29,0.007669590213183693,7198839.447844827,0.11421405135799689,0.16578516519472403
2025-07-30,-0.0005404060050359007,7194949.151777922,0.11418116523223658,0.1656922589779627
2025-07-31,-0.0052332041680864146,7157296.513887668,0.11509278383808975,0.16451006342264213
2025-08-01,-0.004115645590490118,7127839.618050455,0.10802001376291243,0.16470232732063433
2025-08-04,0.0030612283148886716,7149659.562513217,0.10355827694916057,0.16334728602913318
2025-08-05,-0.01072198547763228,7073001.016513937,0.10772902851463072,0.1643489946287791
2025-08-06,-0.003200235669891541,7050365.74636771,0.10080755723550588,0.163426578400899
2025-08-07,0.0013622088959958974,7059969.817307437,0.09052524246070698,0.1632012514113092
2025-08-08,-0.009819399280945027,6990645.154759875,0.09141107213705466,0.16387291624969902
2025-08-11,0.009184263340240147,7054849.0807793625,0.09604994563619002,0.15975828837201553
2025-08-12,-0.005846798355966543,7013600.800772269,0.09266685604924292,0.15956153660955488
2025-08-13,0.001484716778924894,7024014.011561858,0.09245838309178372,0.15878497137659045
2025-08-14,0.00305755945875227,7045490.352041317,0.09312671683963937,0.1567531635473211
2025-08-18,-0.0003885050605542202,7042753.143385462,0.09094958183730278,0.14792801413343998
2025-08-19,0.008909980948187323,7105503.939715814,0.09556290581429183,0.1468568086999983
2025-08-20,0.005594573688665105,7145256.205101654,0.09685899385276996,0.1469170595626649
2025-08-21,0.0029063123892288873,7166022.551734756,0.09774625874857666,0.14393041256367498
2025-08-22,-0.011677825286432165,7082338.992376965,0.1017528137472003,0.1430187771312726
2025-08-25,0.007959117927118864,7138708.163617125,0.10180592557440861,0.1435148369928977
2025-08-26,-0.007405130539962198,7085845.097778846,0.10283884435891519,0.14201363956147747
2025-08-28,-0.009741725533093118,7016816.739666271,0.10371105880183097,0.14184521402377878
2025-08-29,-0.009286149871383199,6951657.527801699,0.10430980140505279,0.1426333319366815
2025-09-01,0.0019139725455702182,6964962.809456117,0.10390969531283598,0.14252559891423638
2025-09-02,0.001410051666811145,6974783.766874869,0.1040399584792265,0.14250832071513428
2025-09-03,0.0035362064510412643,6999448.042225911,0.10451708968986145,0.14260443706641351
2025-09-04,-0.0018149585803381727,6986744.333944041,0.10354062289194327,0.13918017272048763
2025-09-05,-0.0020520803784781325,6972406.972986912,0.10175288345957391,0.13876530702292014
2025-09-08,-0.0001804169814196868,6971149.032367616,0.09725623594516192,0.1386045687664916
2025-09-09,0.011589516407353468,7051941.278456346,0.1010960151737106,0.13967750298730064
2025-09-10,0.005928419666527811,7093748.145818747,0.10275682921814272,0.1393856830601662
2025-09-11,-0.0005559766816905104,7089804.187263886,0.10000069155765676,0.1392869094598618
2025-09-12,0.004404162843119407,7121028.839430426,0.10100062226735328,0.1393509116980407
2025-09-15,-0.002108186766810599,7106016.380665063,0.10008280538090844,0.13935475026166297
2025-09-16,0.001928443234096252,7119719.929875734,0.09957040829025206,0.13675561234911077
2025-09-17,0.00192297660268281,7133410.984718539,0.09931876518673077,0.1120928746785282
2025-09-18,0.006980999542906251,7183209.323542221,0.09599718241028286,0.10719729801997817
2025-09-19,-0.005048800809786399,7146942.730492656,0.09676831530045409,0.10732451924918258
2025-09-22,-0.012132960225713628,7060229.158608136,0.10336840528262421,0.10640561608346304
2025-09-23,-0.004119333385040207,7031145.720929046,0.09991523460883021,0.1065819149892796
2025-09-24,-0.004752281514505823,6997731.737093679,0.09716662136405434,0.10620140738445856
2025-09-25,-0.004669921544019153,6965052.878895358,0.09663628174318674,0.10583301601872826
2025-09-26,-0.0035949866615338777,6940013.60669885,0.09698139648035814,0.10581403958364138
2025-09-29,0.00026047739575157155,6941821.323369604,0.0964565433655148,0.10421390722613352
2025-09-30,-0.004216079325868106,6912554.054004275,0.09706234252986808,0.1021463829944606
2025-10-01,0.007702975767355272,6965801.290372803,0.09609249633033273,0.10216659853758792
2025-10-03,-0.0016820893130206566,6954084.190465641,0.09428468115629343,0.10094434955707549
2025-10-06,0.008272510003517395,7011611.921496571,0.09739204155455147,0.10169435005394162
2025-10-07,0.0018102211929784335,7024304.489993804,0.09187951601038011,0.10159979877438306
2025-10-08,0.000569610827982871,7028305.609890354,0.0885733704180745,0.10147928828099302
2025-10-09,0.004193427742389708,7057778.301616861,0.08708754664395077,0.10150801359722833
2025-10-10,0.0040848219131513815,7086608.069081469,0.08293064447102297,0.10133677380057644
2025-10-13,-0.00743020899001908,7033953.090097837,0.081214732968666,0.10123023226236678
2025-10-14,-0.0012963579678803635,7024834.568963792,0.08122940025490562,0.10056192936313162
2025-10-15,-0.0010829415782992436,7017227.083528388,0.08125417249158914,0.09988388335527745
2025-10-16,0.012022830258581372,7101594.01363957,0.08773309542478944,0.10183081949799547
2025-10-17,0.004802223004944091,7135697.451783643,0.08831158667668113,0.10216992088102629
2025-10-20,0.014837051209836914,7241570.16029366,0.09685964056523047,0.10490583785789875
2025-10-21,0.002704919049852361,7261158.021371081,0.09684225032733243,0.10418798703722074
2025-10-23,0.006601069800579297,7309089.432303187,0.09328512678012069,0.10319337099120393
2025-10-24,-0.003366295012917701,7284484.880998256,0.09309033931824628,0.10210047323997981
2025-10-27,0.011357778118465469,7367220.443983951,0.09775648656042248,0.1038294730680047
2025-10-28,-0.0009936251947775707,7359900.188135328,0.09751787334959652,0.10382240521793258
2025-10-29,0.007973697220584549,7418585.803809242,0.09898566364571058,0.10460956549318769
2025-10-30,-0.009705309028986761,7346586.136025219,0.10411177920313985,0.1035940599427892
2025-10-31,-0.004635336447984577,7312532.237540645,0.10537068812257135,0.10197580884002863
2025-11-03,-0.0009290882860673638,7305738.249497254,0.10385320292092859,0.10199019632824712
2025-11-04,-0.00937597597107231,7237239.823219024,0.1066134303616172,0.10119505579418003
2025-11-06,0.0040254796800405085,7266373.185066972,0.10014365225228433,0.09867129209732718
2025-11-07,-0.0044054960352393,7234361.206809591,0.10027359783243026,0.09856785422891869
2025-11-10,0.009349681294003718,7302000.178458965,0.10160202284474877,0.09927774664007036
2025-11-11,0.00602276725316422,7345978.4260163875,0.10073752788447138,0.09897306688737546
2025-11-12,0.0064671653353402915,7393486.083047278,0.10027859785468747,0.09908691845144289
2025-11-13,-0.0029389947499650617,7371756.666265262,0.10122160276736038,0.09918000262978409
2025-11-14,-0.002185427282229679,7355646.228128847,0.10030057786750893,0.09885581170593284
2025-11-17,0.0021569247423582527,7371511.803474332,0.0988827179488291,0.09884765010146902
2025-11-18,-0.004657603363947345,7337178.225301092,0.10018876745516477,0.09895851170155737
2025-11-19,0.007908446755453083,7395203.908631156,0.09999001171616385,0.09983529807488567
2025-11-20,0.010520797162328462,7473007.348927923,0.10313811368940946,0.10111699574630945
2025-11-21,-0.001288501369972632,7463378.368721013,0.10351549519525986,0.09948478164572568
2025-11-24,-0.003244005342976523,7439167.129416226,0.10440196209318563,0.09927293167652297
2025-11-25,-0.005587481923825175,7397600.917552298,0.10629028778831207,0.09932052967501595
2025-11-26,0.014979457257681277,7508412.964306157,0.10979916681797068,0.10217973089459098
2025-11-27,0.0023547272129086135,7526093.228638964,0.10929728694550522,0.10152023658446378
2025-11-28,-0.0006354226161161093,7521310.978790487,0.10918374216396347,0.1012250850463082
2025-12-01,-0.0012667546080044512,7511783.323449871,0.10567765424559147,0.1008199350924014
2025-12-02,-0.009337111191606098,7441644.967311567,0.11014843651199872,0.10153599411202908
2025-12-03,0.003913515901930747,7470767.963227663,0.10290061657820121,0.1013853875581785
2025-12-04,0.0022074556400909586,7487259.352103902,0.10284157604302062,0.0994506374848128
2025-12-05,0.006223385287776365,7533855.451801552,0.10266988182374787,0.09867040173577372
2025-12-08,-0.001435748085928848,7523038.733256964,0.10210239474827626,0.09872220438958393
2025-12-09,-0.006698285439042127,7472647.2724526385,0.09971403375686408,0.09873379843291614
2025-12-10,-0.001645296665640888,7460352.550811762,0.09981628229287942,0.09878197058494415
2025-12-11,0.006477898908349785,7508679.960456571,0.09892950129812661,0.0988274770948161
2025-12-12,0.0015530007611757658,7520340.946150584,0.09418266124783005,0.09852417766074241
2025-12-15,0.0005670953710167777,7524605.696689615,0.09277180026505495,0.09843717785862793
2025-12-16,-0.005575649042177743,7482651.136144102,0.0945585386372266,0.09713110572961023
2025-12-17,-0.002017514565823166,7467554.7784859575,0.08996042824666105,0.09701865416238162
2025-12-18,0.0025326870565460513,7486467.757817478,0.08963631676458708,0.09706248991670655
2025-12-19,0.00788569748620567,7545503.777795858,0.09025938626806759,0.09616188686568705
2025-12-22,0.010488863140760144,7624647.534249248,0.09118468403688243,0.09650554218291468
2025-12-23,0.0007137367360224773,7630089.525293664,0.0901678844884876,0.09583245842099156
2025-12-24,-0.003342470921423877,7604586.172927509,0.08974658149802954,0.09609688727712232
2025-12-26,-0.0032732515159699348,7579694.449708651,0.08987771602599737,0.09627832059772677
2025-12-29,-0.005108038174981792,7540977.08110484,0.09115185780851078,0.0967701560572081
2025-12-30,-0.0054620010489524855,7499788.256377719,0.09285817790760303,0.09633785439179567
2025-12-31,0.006561408549182138,7548997.4311601715,0.09303983632329028,0.09649271742512777
2026-01-01,-0.01349387851581019,7447132.176907933,0.099607725237133,0.09925958190121983
2026-01-02,0.001380913714406635,7457416.023864025,0.09482780150854965,0.09712526225100097
2026-01-05,-0.014554214219509627,7348879.193528704,0.10370883219041525,0.0995653497116881
2026-01-06,-0.02137437114233968,7191801.522166004,0.11992920362078503,0.10522590599829071
2026-01-07,-0.0014194500407291146,7181593.119202451,0.11917970723015214,0.10391588155799639
2026-01-08,-0.011549337168941222,7098650.478858634,0.11298944073733387,0.10457267007147666
2026-01-09,-0.003056102926381952,7076956.2723568315,0.11232845257955805,0.10467993007716611
2026-01-12,-0.000847107833993749,7070961.327257686,0.11230737647943695,0.10467411548434198
2026-01-13,-0.007822452871154333,7015649.065521459,0.11352005325416994,0.10536430463248375
2026-01-14,-0.0021533763649845953,7000541.732638739,0.11151460286108718,0.10538276245540534
2026-01-15,0.0,7000541.732638739,0.11027793350575414,0.10532313418916976
2026-01-16,0.011497741049600054,7081032.148687537,0.11656908807840938,0.10704435347834708
2026-01-19,-0.009730255450592655,7012131.897026949,0.11615926471510783,0.10656291853709748
2026-01-20,-0.009945773293522985,6942390.822874838,0.11816987799244935,0.10735290791533085
2026-01-21,-0.0023168646160855707,6926306.243226281,0.11754524052764105,0.1074090744818411
2026-01-22,0.0003175922838526765,6928505.984644731,0.11780678043617165,0.107126441835362
2026-01-23,-0.004288147443569876,6898795.529418917,0.11482292962435131,0.10729364178780965
2026-01-27,0.001023772561106321,6905858.32698662,0.11465893886722203,0.10725096296921713
2026-01-28,0.004815034230309739,6939110.27122073,0.11639466443172912,0.10753074327696191
2026-01-29,-0.0027537156646276952,6920001.934568291,0.11606949705956035,0.10690041994770959
2026-01-30,-0.0015258635040242402,6909442.956168556,0.11609881011596895,0.1066281021608919
2026-02-02,-0.007040172055255752,6860799.288951154,0.11576459797642538,0.10536812977045713
2026-02-03,0.021759003845452884,7010083.447062323,0.13271644742420904,0.11143315857826193
2026-02-04,-0.008783696519114571,6948509.001489659,0.12810568678144216,0.11212110753808706
2026-02-05,-0.008231051497505484,6891315.466067517,0.12843928400402496,0.11269313342196634
2026-02-06,0.005672364403103083,6930405.518607792,0.13107861349129532,0.11294445523463831
2026-02-09,-0.0018561125264141647,6917541.906111575,0.13112261172322112,0.11298666766603044
2026-02-10,-0.0027931138347521535,6898220.424111138,0.13097222900915495,0.11286183943370878
2026-02-11,-0.004990270908316092,6863796.435409545,0.13090017081550104,0.11240715203105832
2026-02-12,-0.019973395504812953,6726703.114540585,0.1366690207536789,0.11718358782673498
2026-02-13,-0.016345796871784793,6616749.791813502,0.13866203435092023,0.11928098043150433
2026-02-16,0.012506190249169312,6699500.123541072,0.14590119683310493,0.12122389880270971
2026-02-17,0.005128836233464905,6733860.762520793,0.14411370582298258,0.12157703548232779
2026-02-18,0.004592358292621205,6764785.063834911,0.13446765576159503,0.12162196774291714
2026-02-19,-0.013652413074487812,6672429.423783312,0.13861591856200992,0.12336174078118373
2026-02-20,-0.0012747599347083176,6663923.678086704,0.13590224262173253,0.12283112166257504
2026-02-23,0.0004382052664276513,6666843.844537513,0.136058938473814,0.1228363968256416
2026-02-24,-0.013749045817365356,6575181.103061747,0.1402228704017521,0.12480429822016907
2026-02-25,-0.007026829411740789,6528978.42709923,0.13997339201734535,0.12337162453372519
2026-02-26,-0.0018778677388465333,6516717.869143356,0.13997913486060817,0.12300265370878204
2026-02-27,-0.00692544035813767,6471586.728209794,0.1404086076531371,0.12044382530718713
2026-03-02,-0.012118226885880153,6393162.571925697,0.13646399667584622,0.12162440958972491
2026-03-04,-0.004853379317721951,6362134.1289242795,0.13521352062155126,0.12100363705854923
2026-03-05,0.012955665251397411,6444559.808983113,0.14143659386061527,0.12335479136701898
2026-03-06,-0.003705474245905718,6420679.658584726,0.14148343390123208,0.12152942181339589
2026-03-09,-0.0019608772964077575,6408089.493614701,0.14124512289966065,0.12152883794153628
2026-03-10,-0.002093476785398076,6394674.307021065,0.14115513718659695,0.12046764918606848
2026-03-11,-0.012797858752406573,6312836.168472165,0.1438260300991269,0.12116444775877182
2026-03-12,-0.0045237802527835335,6284278.284874174,0.14198045002268483,0.12115682114600548
2026-03-13,-0.012628827480599097,6204915.218574422,0.1445361828945604,0.12253266362983876
2026-03-16,0.015642926973029502,6301978.254212422,0.15486254257243792,0.1252645199064793
2026-03-17,-0.0027778962548699535,6284472.012421775,0.15439230103756604,0.12493081166847797
2026-03-18,0.007474636494107534,6331446.15627202,0.13941141455950226,0.12574927079562093
2026-03-19,-0.032074781340096836,6128366.405242999,0.16183761629086252,0.13447832998066728
2026-03-20,0.00813346740657256,6178211.273655576,0.16514779437199895,0.13487663350989754
2026-03-23,-0.019933983368715946,6055054.912878112,0.1693022136042235,0.13745730992430916
2026-03-24,0.013183112156517407,6134879.380908456,0.17674072259578777,0.1398318059756525
2026-03-25,0.00950208162137252,6193173.505523123,0.1809721752132994,0.14114937129688046
2026-03-27,-0.026360601240427342,6029917.728331247,0.19269567374435115,0.14679877030408145
2026-03-30,-0.01771952050692517,5923070.47748901,0.1912011258277541,0.1490313174914462
2026-04-01,0.017076612993936105,6024216.4597689,0.19713896102419248,0.15158288983498186
2026-04-02,0.00410886488963632,6048969.151268013,0.19283727603906345,0.15043101013471802
2026-04-06,-0.0010785500273046977,6042445.0354247475,0.19130508278798336,0.15043542404479154
2026-04-07,0.008201914885051426,6092004.655302903,0.19291674052643812,0.15144771469396484
2026-04-08,0.03020303461656134,6276001.682791269,0.21346897849149277,0.1607198939806877
2026-04-09,-0.01276221306648039,6195906.012109897,0.2157365772554037,0.1592285823012414
2026-04-10,0.0033496293471300172,6216660.00072012,0.2162262458549746,0.1593157673024696
2026-04-13,-0.019638927165870675,6094571.467750996,0.2195984907894503,0.16198186849319737
2026-04-15,0.01946375856258535,6213194.735341724,0.22804346993290045,0.16601420784137227
2026-04-16,-0.002076027151014387,6200295.974376615,0.2280466597612865,0.16555605006817997
2026-04-17,0.008553328084455641,6253329.140066187,0.2292900012784985,0.1662038491717464
2026-04-20,-0.00402809765048524,6228140.119649376,0.22708222625643443,0.16609284949503175
2026-04-21,0.006190167154699416,6266693.348052894,0.22761260588657634,0.16608820788854078
2026-04-22,-0.012081474988146011,6190982.449110012,0.2264065299488071,0.16694075026101785
2026-04-23,-0.01501884454079435,6098001.046152041,0.22982619598605944,0.16816462996535475
2026-04-24,-0.021334328107534464,5967904.291033346,0.23683129883246615,0.17118080292046475
2026-04-27,0.015259739543549481,6058972.956135346,0.24221740413200674,0.17309325636360115
2026-04-28,-0.00042422337736432386,6056402.598164534,0.23992746471278187,0.1729995258768924
2026-04-29,0.016717460268676085,6157650.267970457,0.24526365165499056,0.17585618002198208
2026-04-30,0.0005993204773864303,6161340.673868636,0.2425904814807452,0.1758205697628854
2026-05-01,0.0,6161340.673868636,0.2379492017773552,0.1758555183916035
2026-05-04,0.005383650467590786,6194511.178468495,0.238488043138719,0.176131441090695
2026-05-05,-0.000400669374236981,6192029.227550914,0.23732615335917318,0.17535308095772245
2026-05-06,0.0008200346729733288,6197106.906213569,0.21780372234036213,0.1741244693356869
2026-05-07,-0.003241184480745569,6177020.939483629,0.21681545628570756,0.17406018569158352
2026-05-08,-0.002393054519612658,6162238.991606655,0.2085451567631846,0.1740511048468081
2026-05-11,-0.01798864087775688,6051388.687383732,0.21183358656980153,0.1760208290008804
2026-05-12,-0.02041410715571538,5927854.990278597,0.21738968805795222,0.17852375895014527
2026-05-13,-0.0028372125873445024,5911036.405484226,0.20417844347928904,0.17845896688518195
2026-05-14,0.004116651137732902,5935370.080228043,0.19796739689575746,0.1781510448652863
2026-05-15,-0.00046166694172801047,5932629.916075081,0.1913473522938364,0.17722815927910116
2026-05-18,0.00546511224979747,5965052.404502938,0.19166765269359629,0.17761022188370632
2026-05-19,0.00546852822419595,5997672.46193577,0.19240268281926076,0.17689435245248195
2026-05-20,0.0056830761719658,6031757.691391453,0.1915862633065703,0.1743631983866456
2026-05-21,-0.0045972019396321616,6004028.483233197,0.1686815165939634,0.17441984250579814
2026-05-22,-0.0007847694206038135,5999316.705279122,0.16522018462861912,0.173667022790878
2026-05-25,0.010474821555712882,6062158.477223128,0.16812336302494266,0.17486360079843702
2026-05-26,-0.006806288666226592,6020897.676686735,0.15951085553272482,0.175069534306188
2026-05-27,-0.011251432676294585,5953153.951826637,0.1509579000545512,0.17550121560124035
2026-05-28,0.0,5953153.951826637,0.15099465841901913,0.1755246238245705
2026-05-29,-0.014935704144208431,5864239.405677228,0.15299376663561992,0.17687978469029006
2026-06-01,0.002841873642865177,5880904.833079674,0.15353378239341306,0.17561122156073614
2026-06-02,0.01592432533708689,5974554.274918081,0.16040970378844543,0.17764906478078632
2026-06-03,-0.0106699672158672,5910805.976675286,0.15965409122014568,0.17774816725430526
2026-06-04,-0.004023321964633619,5887024.901160642,0.15466214595870237,0.177787223581577
2026-06-05,-0.004811666845598835,5858698.498624512,0.1428669787767919,0.17782609575887712
2026-06-08,-0.012659320342688931,5784531.357539193,0.13883344831735575,0.17870731293204695
2026-06-09,0.00030906524807883387,5786319.15515823,0.13889938889700804,0.17867828706210323
2026-06-10,0.0009180691746921649,5791631.3964095125,0.12803315368925253,0.178382315351089
2026-06-11,-0.006637529570387797,5753189.271755058,0.12846927221439544,0.1785505445505577
2026-06-12,0.020180249431537255,5869290.066285919,0.14392500720102178,0.18236287719256325
2026-06-15,0.010687442756809551,5932017.767892461,0.14694340518516452,0.18331577488905548
2026-06-16,0.01202882612493239,6003372.97819245,0.15200706541659476,0.18051447021293723
2026-06-17,0.004006233733542404,6027423.893532721,0.15261539415449984,0.18035334494678368
2026-06-18,-0.002497292138354078,6012371.655228876,0.1525306018270395,0.18000363613539894
2026-06-19,-0.021246325608667994,5884630.849361557,0.16356992636034617,0.18260430508855785
2026-06-22,0.00883295938467675,5936609.554647783,0.15844415182872107,0.183460739947906
2026-06-23,-0.016754927632685268,5837142.09117615,0.15477829299392054,0.18519043065104487
2026-06-24,0.014032766818815334,5919053.345029918,0.16016328072588754,0.18698565089975477
2026-06-25,-0.0013177171902918517,5911253.706686918,0.15975126396285183,0.18437583339451621
2026-06-26,0.0,5911253.706686918,0.15974745181943928,0.18263664866947305
2026-06-29,-0.003771047082215724,5888962.090644078,0.15920780100952336,0.1812066954453495
2026-06-30,-0.01223102109102158,5816934.071109184,0.16180181399827517,0.18177204463072433
2026-07-01,0.0013859743348687544,5824996.192439365,0.16074245780280952,0.18154379442692178
2026-07-02,0.011406165002845896,5891437.060151278,0.16437832056124077,0.1816740486626968
2026-07-03,0.0033652436516284486,5911263.181316921,0.16477275300542188,0.18184295668690117
2026-07-06,0.012350611360812185,5984270.8955208445,0.16593812087708001,0.18324612769602683
2026-07-07,0.00345583650508228,6004951.557337888,0.16514726707427052,0.1821505524349606
2026-07-08,-0.019723956871371816,5886510.151806278,0.17183721730029755,0.18457446115632134
2026-07-09,0.00043267039758235204,5889057.070494032,0.17184876058190812,0.18458679092063388
2026-07-10,0.01307155690721779,5966036.215120848,0.17029122196735924,0.18581568339492816
2026-07-13,0.0010299369804698693,5972180.856445624,0.17016759722639865,0.1848551692581527
2026-07-14,-0.008424885697523601,5921865.91536513,0.1656482424404878,0.1851792848602294
2026-07-15,-3.2884229415363394e-05,5921671.179367802,0.1626717748723408,0.18373127555316046
2026-07-16,0.0007308531205190575,5925999.05122793,0.16220444484372992,0.1836876105239989
2026-07-17,0.015265056503817594,6016459.761586494,0.1671012640716491,0.18563699705900966
2026-07-20,-0.01627488141866172,5918542.592406523,0.16996220305010545,0.18746072744224723
2026-07-21,-0.014433920057762313,5833114.821769266,0.17562361689264025,0.1877771774568025
2026-07-22,-0.011433935706263002,5766419.3619299065,0.17888137853341637,0.1885188522255653
2026-07-23,-0.006986772589122479,5726130.701194589,0.1789953906607221,0.18775855299948327
2026-07-24,-0.00034880606661809224,5724133.392067764,0.16836103784348505,0.18568313254482754
2026-07-27,0.009060698269960301,5775998.037590294,0.1674618387486284,0.18641746906640377
2026-07-28,0.00021344852500290203,5777230.915851838,0.1630178538652468,0.1858925237582848
2026-07-29,0.018217777919652643,5882479.225667377,0.1719422144973939,0.18103472024687806
2026-07-30,0.005609789813769106,5915478.697707234,0.17283119878466238,0.18074729145083618
2026-07-31,-0.00585928313600023,5880818.233132388,0.16219504314609198,0.1779572979445623
2026-08-03,0.01824147057308689,5988093.005877746,0.16879093886798982,0.17923611496458797
2026-08-04,-0.012148325279075127,5915347.704240989,0.16522657389091946,0.1795767402364442
2026-08-05,-0.005310516999415364,5883934.149700164,0.1609102834634982,0.17435428510876774
2026-08-06,0.00854948316959506,5934238.745684031,0.16281734327664993,0.17241599508205735
2026-08-07,0.0031662255039956256,5953027.883747416,0.16304533322610215,0.170088595938931
2026-08-10,-0.0023153559245165716,5939244.505367969,0.16278497475248788,0.16998078704987632
2026-08-11,-0.002314204189159799,5925499.880853201,0.15861725868188756,0.17001253961397164
2026-08-12,-0.003302238832768496,5905932.465043082,0.15901353514351452,0.169499404779788
2026-08-13,-0.003193784176317489,5887070.191389828,0.15591892205832264,0.16151284599843954
2026-08-14,-0.002212944689233623,5874042.430674646,0.1557175816724647,0.1602341446695795
2026-08-17,-0.00661199245446969,5835203.30644579,0.15213201036721952,0.16041600656637486
2026-08-18,-0.007756064282491251,5789945.094499593,0.15287762344626324,0.15764216812070442
2026-08-19,-0.004710281922398136,5762672.820789293,0.14291166703011338,0.1541153230650585
2026-08-20,0.0075327980928485624,5806081.871623445,0.14485577168210576,0.15472570393364096
2026-08-21,-0.0017990532627020772,5795636.421088786,0.13910667686413208,0.1539437243991347
2026-08-24,0.001316607768106477,5803267.001021911,0.13914422255307407,0.153885930045042
2026-08-25,0.005054674285485936,5832600.625503787,0.1383075587189266,0.15375284868114178
2026-08-26,-0.0101976890008573,5773121.578258693,0.1411373684376366,0.15339166469593873
2026-08-27,-0.012857150589307871,5698895.6847566385,0.1452831469842976,0.15286323708043217
2026-08-28,0.009798919607324218,5754738.705422096,0.14067056286427737,0.14981407100318098
2026-08-31,-0.01568390436106639,5664481.933943328,0.14013854334984685,0.1496269150468397
2026-09-01,0.020990549799096647,5783382.524063849,0.14889661609303828,0.15396810773430847
2026-09-02,-0.006770455195995122,5744226.391803374,0.1464441249513249,0.15154316248437819
2026-09-03,-0.004243097717096255,5719853.077913828,0.14553397474164634,0.15163977357669645
2026-09-04,0.007607182690627198,5763365.045241064,0.14718379352717348,0.15228356528971676
2026-09-07,-0.012581956193253821,5690850.638716111,0.14930119810811884,0.15321709319923207
2026-09-08,-0.007695770314009471,5647055.159309218,0.15074747976750782,0.15363605429368854
2026-09-09,-0.021951227440031938,5523095.367140816,0.15185781075210258,0.15755702819118722
2026-09-10,0.0008753480918408181,5527929.998131498,0.15039420750467947,0.15755880555333526
2026-09-11,0.0024206554072330267,5541311.211772281,0.15056414812275568,0.1576600832871021
